#{"t_start": 1783810098.311327, "env_id": "Acrobot-v1"}
r,l,t,original_reward,shaped_reward
53.590378,500,0.294193,-500.0,53.59037832170725
-21.369425,500,0.578804,-500.0,-21.369424551725388
-51.260602,500,0.846805,-500.0,-51.26060198992491
-276.798614,500,1.115907,-500.0,-276.79861418902874
506.368937,454,2.193903,-453.0,506.3689367622137
390.220829,308,2.372019,-307.0,390.2208291068673
221.51695,500,2.693973,-500.0,221.51695041451603
711.840598,500,3.009849,-500.0,711.8405976817012
224.467327,496,4.044911,-495.0,224.4673271626234
358.334819,421,4.269275,-420.0,358.3348193280399
258.084848,270,4.418954,-269.0,258.0848475173116
244.533274,349,5.414857,-348.0,244.53327402845025
2172.452768,437,5.659886,-436.0,2172.4527684748173
419.410268,405,5.88814,-404.0,419.4102683737874
265.266151,303,6.814707,-302.0,265.2661506924778
378.3714,383,7.025211,-382.0,378.3713997043669
212.409072,308,7.19058,-307.0,212.40907231718302
76.687838,274,7.339766,-273.0,76.68783790618181
215.150981,220,7.466363,-219.0,215.15098118036985
361.479822,328,7.649618,-327.0,361.47982247173786
162.124559,250,8.612922,-249.0,162.12455870956182
225.317193,217,8.742052,-216.0,225.31719290465117
114.886883,235,8.871792,-234.0,114.88688303157687
202.213126,192,8.980412,-191.0,202.21312596276402
291.039279,266,9.123509,-265.0,291.03927933610976
250.296437,307,9.289507,-306.0,250.29643682390451
370.038796,229,9.416741,-228.0,370.03879618644714
287.469126,260,9.559405,-259.0,287.46912560239434
201.0723,230,10.355875,-229.0,201.0722998380661
109.046893,209,11.22685,-208.0,109.0468929335475
169.104862,165,11.316176,-164.0,169.10486210882664
218.842268,241,11.447152,-240.0,218.84226765483618
248.755594,239,11.579227,-238.0,248.7555943503976
308.61447,209,11.69978,-208.0,308.61447048932314
477.88569,282,11.862734,-281.0,477.88568991422653
111.663222,230,11.984943,-229.0,111.66322206705809
63.25796,233,12.112833,-232.0,63.25796025246382
180.396488,197,12.221562,-196.0,180.39648773893714
137.162153,261,13.153495,-260.0,137.16215293854475
173.790519,194,13.263156,-193.0,173.79051898419857
310.846791,217,13.403823,-216.0,310.8467907384038
168.82189,141,13.480753,-140.0,168.82189036160707
235.939028,263,13.635761,-262.0,235.93902814388275
359.318996,254,13.78273,-253.0,359.3189961630851
269.656999,201,13.895882,-200.0,269.6569989770651
237.005564,170,13.995613,-169.0,237.0055637061596
133.034617,134,14.069856,-133.0,133.03461667895317
200.59709,150,14.147322,-149.0,200.59709021821618
82.379534,162,14.234873,-161.0,82.37953447550535
126.573447,150,15.106847,-149.0,126.57344692200422
3730.400429,500,15.374738,-500.0,3730.4004288613796
69.138794,144,15.824805,-143.0,69.13879373669624
131.131893,167,15.917425,-166.0,131.13189271837473
168.627095,202,16.030538,-201.0,168.62709534913301
449.820269,211,16.144134,-210.0,449.8202685639262
155.581213,132,16.213608,-131.0,155.58121263980865
103.447366,181,16.307673,-180.0,103.44736585021019
358.853379,236,16.438748,-235.0,358.8533790372312
211.246077,139,16.538733,-138.0,211.2460766285658
106.551873,124,17.357854,-123.0,106.551872856915
114.034653,140,17.429822,-139.0,114.03465286642313
154.93211,160,17.522408,-159.0,154.93210972845554
368.154463,193,17.63148,-192.0,368.15446250513196
219.675487,176,17.724543,-175.0,219.6754869222641
138.14678,154,17.8057,-153.0,138.14678017795086
2661.892246,386,18.021412,-385.0,2661.89224576205
300.647932,200,18.138489,-199.0,300.6479315850884
1647.23572,301,18.309459,-300.0,1647.2357198894024
125.905182,171,18.432418,-170.0,125.90518209338188
203.102835,196,19.3543,-195.0,203.10283455997705
202.994523,133,19.426807,-132.0,202.994522690773
135.099612,125,19.500156,-124.0,135.0996122583747
141.400562,170,19.594854,-169.0,141.40056197345257
102.192956,148,19.676379,-147.0,102.19295585155487
140.712223,158,19.771536,-157.0,140.71222280710936
90.462742,113,19.835931,-112.0,90.46274166554213
4645.183569,459,20.095638,-458.0,4645.183569394052
207.10936,175,20.541725,-174.0,207.109360486269
265.904211,130,20.61873,-129.0,265.9042110592127
187.369834,164,20.710346,-163.0,187.36983424425125
199.512325,191,21.578369,-190.0,199.51232516765594
132.544444,144,21.652368,-143.0,132.54444385319948
120.091113,112,21.716661,-111.0,120.0911129117012
169.463789,137,21.790403,-136.0,169.46378906816244
241.294589,160,21.877537,-159.0,241.29458923637867
118.427987,131,21.957595,-130.0,118.42798722535372
292.705717,217,22.080612,-216.0,292.70571679249406
229.645002,154,22.167471,-153.0,229.6450020968914
80.053678,104,22.226555,-103.0,80.05367798358202
124.628715,151,22.307677,-150.0,124.62871532142162
92.351935,131,22.380282,-130.0,92.35193537175655
94.806125,108,22.441873,-107.0,94.80612533539534
281.74703,169,22.538388,-168.0,281.7470298781991
214.066457,182,22.63326,-181.0,214.06645733490586
369.367944,159,23.48025,-158.0,369.36794397234917
256.525328,185,23.581791,-184.0,256.5253275036812
190.1819,218,23.699433,-217.0,190.1818995848298
259.528384,166,23.813783,-165.0,259.52838372439146
235.390367,241,23.958553,-240.0,235.3903672993183
103.098751,142,24.049041,-141.0,103.09875094890594
160.283617,196,24.154878,-195.0,160.28361661732197
62.905744,150,24.242569,-149.0,62.905743673443794
354.66509,216,24.361795,-215.0,354.6650903224945
204.022217,152,24.448202,-151.0,204.0222173333168
181.549268,119,24.517989,-118.0,181.54926774650812
128.526632,115,24.580567,-114.0,128.52663210779428
233.428676,172,25.425292,-171.0,233.42867639660835
144.19221,120,25.493269,-119.0,144.19220980256796
102.862243,104,25.556298,-103.0,102.86224304884672
207.553514,152,26.031295,-151.0,207.55351370573044
163.098564,160,26.127822,-159.0,163.09856440126896
51.613342,174,26.220388,-173.0,51.61334200203419
183.805825,147,26.302449,-146.0,183.80582509189844
190.277551,127,26.373424,-126.0,190.27755136042833
169.1819,120,26.438761,-119.0,169.1819003149867
148.107442,121,26.509078,-120.0,148.1074415165931
57.678157,106,26.57046,-105.0,57.67815691232681
177.492695,188,26.675351,-187.0,177.49269491434097
73.954801,147,26.75503,-146.0,73.9548011533916
265.986811,153,26.843047,-152.0,265.9868106767535
79.624475,129,26.917453,-128.0,79.62447515130043
255.993741,140,27.767407,-139.0,255.99374072253704
131.397981,135,27.840538,-134.0,131.39798138663173
106.083654,112,27.898494,-111.0,106.0836540311575
221.325894,148,27.9814,-147.0,221.32589361816645
142.969237,140,28.059393,-139.0,142.96923694759607
87.125885,150,28.146608,-149.0,87.1258847862482
92.623162,109,28.212568,-108.0,92.62316224724054
255.423673,134,28.289494,-133.0,255.423673376441
203.658928,164,28.38063,-163.0,203.6589282900095
606.00533,208,28.496076,-207.0,606.0053299888968
124.461207,144,28.572331,-143.0,124.46120747923851
135.328137,135,28.64265,-134.0,135.3281369432807
150.750893,169,28.739609,-168.0,150.750893317163
138.401058,115,28.803181,-114.0,138.40105774998665
123.861227,143,29.77562,-142.0,123.86122730374336
250.263826,149,29.865539,-148.0,250.26382566988468
203.823038,134,29.935518,-133.0,203.82303812354803
221.236337,136,30.014349,-135.0,221.2363374978304
210.87249,145,30.092733,-144.0,210.87248996645212
71.558028,93,30.143199,-92.0,71.55802848935127
97.167687,120,30.213268,-119.0,97.16768744587898
201.728978,128,30.285236,-127.0,201.72897818684578
208.108764,147,30.370244,-146.0,208.10876448452473
166.937166,122,30.440183,-121.0,166.93716613203287
168.863091,119,30.841532,-118.0,168.86309076845646
194.988621,133,30.91755,-132.0,194.98862143233418
113.587367,119,30.98619,-118.0,113.58736735582352
268.202049,151,31.069032,-150.0,268.20204927027225
83.86654,135,31.144496,-134.0,83.86653959006071
157.07582,112,31.208116,-111.0,157.07582019641995
83.868959,122,32.050407,-121.0,83.86895924061537
175.696131,166,32.141756,-165.0,175.69613092392683
189.695444,123,32.211165,-122.0,189.695444136858
96.839151,106,32.268617,-105.0,96.83915116265416
157.228271,136,32.342229,-135.0,157.22827139496803
230.800703,143,32.416536,-142.0,230.8007032200694
116.395684,151,32.507615,-150.0,116.3956841379404
20.940374,156,32.592488,-155.0,20.940373554825783
107.705178,102,32.647347,-101.0,107.70517836511135
422.234794,164,32.738058,-163.0,422.2347941584885
124.597929,120,32.805268,-119.0,124.5979288071394
53.691382,111,32.864506,-110.0,53.69138229638338
628.504794,231,32.994039,-230.0,628.5047938227654
142.148657,144,33.075475,-143.0,142.14865661039948
116.711298,112,33.878821,-111.0,116.71129813045263
222.345904,146,33.95724,-145.0,222.34590390324593
113.190678,111,34.033489,-110.0,113.19067818298936
177.071169,122,34.102613,-121.0,177.0711691454053
2802.715817,378,34.314407,-377.0,2802.715816780925
195.952699,137,34.403636,-136.0,195.95269929617643
263.338474,139,34.501513,-138.0,263.33847446739674
116.328583,107,34.566413,-106.0,116.32858262956142
57.505013,127,34.641181,-126.0,57.50501338392496
188.750273,148,34.731222,-147.0,188.7502733618021
144.222647,124,34.79948,-123.0,144.22264700382948
136.554513,126,34.869495,-125.0,136.55451341718435
191.332015,110,34.929764,-109.0,191.33201490342617
269.622817,141,35.013096,-140.0,269.6228170245886
266.71824,170,35.86615,-169.0,266.7182399742305
266.117404,147,36.287786,-146.0,266.1174043379724
285.3568,151,36.381258,-150.0,285.35679978877306
271.347882,147,36.458436,-146.0,271.3478818833828
91.609732,105,36.519472,-104.0,91.60973191261292
275.909379,184,36.617196,-183.0,275.90937899798155
314.173506,157,36.709121,-156.0,314.1735057272017
152.780968,145,36.789073,-144.0,152.78096802532673
180.477587,126,36.859799,-125.0,180.47758741676807
560.264981,205,36.967376,-204.0,560.2649814411998
197.731639,159,37.056148,-158.0,197.7316385693848
182.7614,156,37.14514,-155.0,182.7614001967013
182.442593,132,37.220271,-131.0,182.44259318709373
271.327544,159,37.320262,-158.0,271.3275442942977
393.3711,149,38.162291,-148.0,393.37109999358654
150.552334,115,38.225405,-114.0,150.5523338019848
140.850614,113,38.293394,-112.0,140.85061370581388
293.540082,158,38.37646,-157.0,293.54008235037327
165.041681,139,38.452016,-138.0,165.04168068617582
315.637322,183,38.555386,-182.0,315.63732179254293
141.946107,142,38.633899,-141.0,141.94610748440027
283.510453,205,38.750221,-204.0,283.51045252382755
194.717204,128,38.826292,-127.0,194.71720427274704
252.388179,161,38.912436,-160.0,252.38817873038352
3969.756849,500,39.186553,-500.0,3969.756849013269
3878.413186,500,40.272237,-500.0,3878.4131861869246
381.131461,167,40.381516,-166.0,381.13146118074656
137.676506,137,40.454432,-136.0,137.67650631815195
182.661471,172,40.552274,-171.0,182.6614705324173
197.035384,198,41.120432,-197.0,197.03538355976343
407.499021,171,41.218035,-170.0,407.49902073293924
253.852125,159,41.308083,-158.0,253.8521246984601
284.795756,178,41.414971,-177.0,284.7957557886839
385.928691,157,41.510251,-156.0,385.9286908507347
242.544571,178,41.601541,-177.0,242.54457095265388
351.026872,163,42.454013,-162.0,351.0268722809851
170.082911,133,42.531119,-132.0,170.08291137311608
322.361918,240,42.660247,-239.0,322.361918091774
190.647075,184,42.762374,-183.0,190.64707542210817
327.848266,173,42.861,-172.0,327.8482664972544
112.849892,162,42.957044,-161.0,112.84989227354527
201.177648,142,43.039496,-141.0,201.17764804512262
127.698257,123,43.106357,-122.0,127.69825683534145
110.935988,133,43.179608,-132.0,110.93598833680153
190.322004,139,43.256198,-138.0,190.32200369238853
149.248127,142,43.33222,-141.0,149.24812711775303
274.505955,178,43.430192,-177.0,274.5059547498822
116.927799,149,43.511302,-148.0,116.92779949679971
290.621686,222,44.381026,-221.0,290.62168550491333
198.423535,173,44.489016,-172.0,198.42353509366512
168.009659,154,44.570974,-153.0,168.00965939462185
335.60389,236,44.700935,-235.0,335.6038899458945
102.262498,130,44.773147,-129.0,102.26249797642231
279.714911,194,44.877094,-193.0,279.7149106860161
311.881836,172,44.975069,-171.0,311.88183619081974
2470.642702,372,45.211978,-371.0,2470.6427023317665
236.298379,198,45.338041,-197.0,236.29837930947542
204.350495,182,45.449824,-181.0,204.35049510002136
149.562104,170,46.678165,-169.0,149.56210424378514
320.013344,205,46.795662,-204.0,320.0133436024189
435.94193,223,46.921206,-222.0,435.9419300556183
287.856282,211,47.042235,-210.0,287.85628209263086
83.151,102,47.09771,-101.0,83.15100035071373
233.155927,231,47.227197,-230.0,233.15592700242996
162.102355,173,47.326791,-172.0,162.10235507786274
187.418279,173,47.417231,-172.0,187.41827916167676
421.147842,269,47.56873,-268.0,421.14784172177315
367.261053,241,47.699217,-240.0,367.2610531710088
380.789786,195,48.565023,-194.0,380.78978622704744
131.313103,129,48.633879,-128.0,131.3131027072668
155.318505,203,48.74921,-202.0,155.3185052499175
261.287497,232,48.887758,-231.0,261.2874971679412
237.408541,220,49.014528,-219.0,237.40854092687368
647.099391,309,49.187324,-308.0,647.0993906334043
291.315189,255,49.321409,-254.0,291.31518928706646
359.439007,265,49.473994,-264.0,359.43900691717863
3665.464345,500,50.57497,-500.0,3665.464345302433
374.379051,214,50.699507,-213.0,374.37905126810074
458.394253,258,50.850106,-257.0,458.39425270445645
492.250892,285,51.427196,-284.0,492.2508921995759
264.082228,196,51.542862,-195.0,264.08222844824195
412.241791,261,51.693796,-260.0,412.2417911179364
3454.955208,500,51.965091,-500.0,3454.9552081115544
227.546152,196,52.078955,-195.0,227.54615177214146
203.585121,200,52.947729,-199.0,203.58512146398425
118.833166,110,53.010422,-109.0,118.8331656306982
228.161869,187,53.116015,-186.0,228.16186892986298
360.577863,227,53.244915,-226.0,360.57786264643073
457.217669,282,53.391017,-281.0,457.2176690362394
189.234085,212,53.516897,-211.0,189.23408509790897
218.248655,191,53.62477,-190.0,218.24865548685193
554.786831,347,53.809048,-346.0,554.7868306860328
3068.478235,500,54.842755,-500.0,3068.4782351106405
321.411398,243,54.976079,-242.0,321.4113977998495
294.964598,195,55.087941,-194.0,294.9645982347429
533.792001,264,55.236029,-263.0,533.7920007258654
182.846884,175,55.335857,-174.0,182.84688397869468
235.569746,208,55.45077,-207.0,235.56974554806948
285.41592,201,55.562071,-200.0,285.4159199744463
393.957299,241,55.734699,-240.0,393.95729941129684
195.554259,180,56.34196,-179.0,195.55425876379013
392.951476,232,57.23482,-231.0,392.95147597044706
359.643613,193,57.347137,-192.0,359.6436126753688
211.791722,180,57.444785,-179.0,211.7917224485427
184.428066,149,57.527029,-148.0,184.42806593328714
320.526352,226,57.651201,-225.0,320.52635223045945
238.858361,202,57.766926,-201.0,238.85836097225547
371.498403,179,57.868268,-178.0,371.49840274080634
261.888194,180,57.964935,-179.0,261.8881941586733
317.375035,208,58.082882,-207.0,317.37503457814455
340.626964,183,58.189205,-182.0,340.62696354463696
272.048371,196,58.29837,-195.0,272.04837054014206
274.206426,210,59.175529,-209.0,274.2064258977771
189.69359,153,59.257621,-152.0,189.69359044730663
341.483075,212,59.372514,-211.0,341.48307494819164
201.388465,150,59.462806,-149.0,201.38846548646688
166.767272,152,59.550699,-151.0,166.76727226749063
215.061883,161,59.639515,-160.0,215.0618830472231
195.634878,147,59.724909,-146.0,195.63487784937024
291.684059,188,59.828826,-187.0,291.68405943363905
358.983557,183,59.92576,-182.0,358.9835567623377
389.263602,187,60.038903,-186.0,389.26360159367323
3623.17122,500,61.134733,-500.0,3623.1712196730077
354.931122,206,61.256927,-205.0,354.93112191557884
404.234336,210,61.369885,-209.0,404.2343355715275
299.442557,206,61.894776,-205.0,299.4425573796034
91.136672,103,61.951775,-102.0,91.13667233288288
258.154179,173,62.054637,-172.0,258.1541787311435
232.278489,207,62.166601,-206.0,232.27848868072033
75.082456,113,62.228623,-112.0,75.08245556801558
326.472184,198,62.334606,-197.0,326.4721842929721
1136.254354,269,62.482733,-268.0,1136.254353635013
149.604395,129,62.556983,-128.0,149.60439460352063
428.66205,185,63.405056,-184.0,428.6620498970151
727.907741,250,63.543839,-249.0,727.9077406041324
252.007812,143,63.619445,-142.0,252.00781191140413
299.584133,191,63.73055,-190.0,299.5841330140829
182.81332,133,63.808317,-132.0,182.81332018226385
219.276607,185,63.907835,-184.0,219.2766074538231
146.501549,165,64.001626,-164.0,146.50154864788055
102.12316,125,64.079427,-124.0,102.12315958738327
587.273728,229,64.202847,-228.0,587.2737279683352
178.051144,161,64.289519,-160.0,178.05114356800914
362.560621,195,64.394087,-194.0,362.56062089651823
302.705273,183,64.505823,-182.0,302.70527343451977
296.637665,187,65.35831,-186.0,296.6376645974815
151.226974,124,65.425186,-123.0,151.22697418928146
322.133388,218,65.554549,-217.0,322.1333882883191
180.431837,177,65.653111,-176.0,180.4318371936679
534.91005,291,65.817821,-290.0,534.9100501835346
146.771247,129,65.888969,-128.0,146.77124673128128
632.885426,269,66.043111,-268.0,632.8854259178042
308.71524,192,66.709504,-191.0,308.7152399197221
313.041045,195,66.825637,-194.0,313.04104471951723
999.752992,252,67.037877,-251.0,999.7529921233654
495.158978,240,67.943949,-239.0,495.15897822380066
330.064423,227,68.076804,-226.0,330.0644229054451
373.589438,199,68.186194,-198.0,373.5894378647208
1568.595457,447,68.43384,-446.0,1568.5954573955387
486.381725,213,68.554708,-212.0,486.38172513246536
420.737187,257,68.702844,-256.0,420.73718702048063
200.240619,186,68.80345,-185.0,200.2406188249588
142.602736,197,68.91285,-196.0,142.60273577272892
321.668471,183,69.764981,-182.0,321.6684709601104
147.43323,189,69.894541,-188.0,147.43323021382093
427.982443,262,70.053857,-261.0,427.9824428483844
477.580404,276,70.210742,-275.0,477.5804038345814
416.492633,259,70.35583,-258.0,416.4926327690482
2520.371798,500,70.658816,-500.0,2520.3717982955277
553.865451,307,70.82776,-306.0,553.8654509149492
445.348695,272,71.761509,-271.0,445.3486949838698
430.389331,298,71.934667,-297.0,430.3893309906125
461.197599,373,73.975777,-372.0,461.19759902358055
433.257547,251,74.125515,-250.0,433.25754714757204
2221.845056,382,74.34251,-381.0,2221.8450555875897
270.32844,249,74.473962,-248.0,270.3284395337105
369.993886,251,74.620561,-250.0,369.99388551712036
464.912224,269,75.52868,-268.0,464.9122237935662
312.069654,252,75.664901,-251.0,312.0696542188525
185.49967,186,75.774216,-185.0,185.49966960027814
397.557327,276,75.932729,-275.0,397.55732749029994
694.316515,329,76.114488,-328.0,694.316514544189
379.365876,282,76.264796,-281.0,379.3658759817481
524.899634,277,76.418524,-276.0,524.8996337726712
300.036639,240,76.560366,-239.0,300.0366386398673
393.349159,244,77.524584,-243.0,393.34915940463543
140.732016,152,77.604625,-151.0,140.73201581463218
563.150757,289,77.759605,-288.0,563.1507574357092
292.148881,228,77.877779,-227.0,292.1488811932504
238.162339,179,77.976422,-178.0,238.16233852505684
403.251722,233,78.113435,-232.0,403.2517223954201
361.409572,265,79.00143,-264.0,361.4095720052719
234.454415,165,79.096665,-164.0,234.4544146321714
563.202281,309,79.265611,-308.0,563.2022811919451
207.838374,177,80.12071,-176.0,207.83837360329926
471.642993,252,80.264465,-251.0,471.64299315959215
375.474318,274,80.413514,-273.0,375.4743184559047
372.070789,273,80.565481,-272.0,372.07078943401575
676.389259,335,80.75432,-334.0,676.3892592741176
93.964947,146,80.832608,-145.0,93.96494689583778
263.799132,201,80.944282,-200.0,263.799131706357
568.916606,318,81.122405,-317.0,568.9166063666344
550.040682,264,82.027632,-263.0,550.0406817570329
311.535337,262,82.187384,-261.0,311.53533704578876
386.299876,268,82.358248,-267.0,386.2998755108565
487.003257,215,82.487655,-214.0,487.00325663387775
555.031937,275,82.650618,-274.0,555.0319371726364
314.499918,234,82.781631,-233.0,314.499917851761
391.858577,297,82.950271,-296.0,391.85857706703246
732.435791,355,83.162483,-354.0,732.4357913136482
760.80038,500,86.271266,-500.0,760.8003799431026
528.876909,301,86.438486,-300.0,528.8769090883434
329.051089,226,86.570551,-225.0,329.05108928494155
234.63283,194,86.679286,-193.0,234.63282992690802
735.642133,376,86.883466,-375.0,735.6421330943704
965.361097,500,87.172424,-500.0,965.3610971979797
1211.975922,411,88.215448,-410.0,1211.9759217835963
662.892609,379,88.423502,-378.0,662.892608679831
615.57887,385,88.637557,-384.0,615.578869830817
379.5397,322,88.816121,-321.0,379.53969992883503
603.082522,326,88.994854,-325.0,603.0825219424441
504.375303,286,89.900362,-285.0,504.3753028232604
445.652255,237,90.034196,-236.0,445.65225463733077
267.865336,216,90.146526,-215.0,267.8653363734484
259.760087,184,90.251357,-183.0,259.76008693128824
669.144361,351,91.796066,-350.0,669.144361153245
830.202477,398,92.023417,-397.0,830.2024773657322
887.525559,442,92.268057,-441.0,887.5255593806505
695.50537,361,93.290129,-360.0,695.5053701288998
426.549303,294,93.470005,-293.0,426.5493027791381
2817.976188,500,93.744061,-500.0,2817.9761884063482
1006.582665,500,94.021256,-500.0,1006.5826647393405
630.900332,355,94.218709,-354.0,630.9003321528435
808.598024,426,95.231443,-425.0,808.5980244427919
990.590568,387,95.453318,-386.0,990.590567689389
485.855898,283,95.625909,-282.0,485.8558977134526
802.437961,436,95.871218,-435.0,802.4379605688155
326.571898,208,95.987183,-207.0,326.57189832627773
510.10379,304,96.165987,-303.0,510.1037895716727
437.887446,239,98.677293,-238.0,437.8874462097883
578.910981,307,98.850969,-306.0,578.9109809435904
858.053919,500,99.123124,-500.0,858.053918927908
425.39434,242,99.256985,-241.0,425.3943401835859
816.531066,500,99.525355,-500.0,816.5310659855604
920.737075,500,100.550309,-500.0,920.7370752245188
638.151463,372,100.772245,-371.0,638.1514625162818
571.530716,314,100.952116,-313.0,571.5307158827782
834.114033,443,101.206204,-442.0,834.1140327528119
264.222734,212,101.332651,-211.0,264.2227340117097
419.378144,286,101.49532,-285.0,419.37814375013113
1093.410703,402,102.463648,-401.0,1093.410703457892
643.294832,351,102.672595,-350.0,643.2948322594166
853.150079,500,105.008158,-500.0,853.1500794719905
1030.927615,457,105.258046,-456.0,1030.927615404129
1543.363927,500,105.536944,-500.0,1543.3639270365238
354.563945,230,106.427825,-229.0,354.56394492834806
760.597512,410,106.657037,-409.0,760.5975118875504
593.742944,362,106.861003,-361.0,593.7429443839937
981.939694,434,107.107045,-433.0,981.9396935999393
905.894676,453,107.365109,-452.0,905.8946762904525
1083.466256,489,108.410243,-488.0,1083.4662556052208
449.141332,264,108.556791,-263.0,449.14133179560304
816.010448,500,108.869969,-500.0,816.0104483738542
181.886759,205,108.986058,-204.0,181.88675874471664
730.639546,426,109.246429,-425.0,730.639545917511
386.831795,234,111.397378,-233.0,386.83179473876953
696.298295,398,112.348037,-397.0,696.298294942826
770.16649,500,112.629776,-500.0,770.1664895936847
623.643344,500,112.910517,-500.0,623.6433437038213
566.27769,500,113.199154,-500.0,566.2776898480952
817.5194,500,114.251873,-500.0,817.519400101155
251.175881,160,114.340761,-159.0,251.17588119581342
1415.313552,500,114.629743,-500.0,1415.3135524392128
946.208258,495,114.911092,-494.0,946.208257840015
1049.821182,500,115.188342,-500.0,1049.8211815543473
378.981381,273,115.334104,-272.0,378.9813809469342
505.08307,278,116.238658,-277.0,505.08307023346424
871.519163,464,118.46378,-463.0,871.5191632322967
669.023297,388,118.684726,-387.0,669.023297265172
911.446731,500,118.967012,-500.0,911.4467310458422
357.719608,228,119.104571,-227.0,357.71960834413767
816.916457,500,120.209851,-500.0,816.9164572916925
731.214807,500,120.490894,-500.0,731.21480675973
895.721088,500,120.762811,-500.0,895.7210875228047
735.072811,500,121.050674,-500.0,735.0728108175099
803.669698,500,122.070848,-500.0,803.6696982495487
1098.727549,500,122.348269,-500.0,1098.7275490537286
458.954807,240,122.485774,-239.0,458.9548072684556
628.860475,316,122.66259,-315.0,628.8604748081416
398.602798,223,124.737968,-222.0,398.60279842466116
982.251636,417,124.997245,-416.0,982.2516359239817
1145.426219,500,126.048086,-500.0,1145.4262189306319
183.178952,146,126.1288,-145.0,183.1789523307234
759.089788,382,126.338774,-381.0,759.089787799865
907.631664,452,126.591559,-451.0,907.6316641941667
791.949833,500,126.870688,-500.0,791.949832899496
546.778218,292,127.793537,-291.0,546.7782180644572
792.576598,391,128.01302,-390.0,792.5765979811549
318.335896,175,128.110941,-174.0,318.3358958736062
986.669457,418,128.339766,-417.0,986.6694572940469
578.328961,274,128.496847,-273.0,578.3289614208043
626.056052,274,128.649441,-273.0,626.0560520663857
318.555116,215,128.768584,-214.0,318.55511625111103
1081.168624,500,129.809632,-500.0,1081.1686243638396
693.214149,320,131.843618,-319.0,693.2141490355134
947.149853,374,132.057937,-373.0,947.1498531326652
410.159421,265,132.208646,-264.0,410.15942132100463
301.270009,204,132.322336,-203.0,301.2700086571276
248.082425,175,132.418524,-174.0,248.0824245363474
147.301256,129,132.495919,-128.0,147.30125592648983
1161.026877,470,133.526687,-469.0,1161.0268768444657
350.476411,245,133.659663,-244.0,350.4764111638069
1000.461987,500,133.942284,-500.0,1000.4619866907597
757.44704,434,134.198058,-433.0,757.4470398128033
794.168127,500,134.475333,-500.0,794.1681273207068
164.879116,173,134.571362,-172.0,164.87911570817232
603.303507,292,135.534722,-291.0,603.303506616503
807.235955,500,135.851549,-500.0,807.2359550418332
762.537098,500,138.131346,-500.0,762.5370977818966
774.974564,500,138.405529,-500.0,774.9745642244816
906.574984,500,139.458502,-500.0,906.574984241277
943.669081,500,139.738354,-500.0,943.6690813079476
826.083971,500,140.019672,-500.0,826.0839709211141
797.279333,414,140.248518,-413.0,797.279333293438
846.331829,500,141.38309,-500.0,846.3318292535841
1030.326777,500,141.658441,-500.0,1030.3267769441009
915.445961,500,141.92367,-500.0,915.4459609873593
877.388341,500,142.210411,-500.0,877.3883410356939
715.166129,376,142.414855,-375.0,715.1661288682371
539.411325,322,145.377489,-321.0,539.4113253355026
958.732945,462,145.638312,-461.0,958.7329445881769
842.990825,396,145.859792,-395.0,842.9908245876431
520.470081,295,146.083397,-294.0,520.4700806364417
843.578218,454,146.341113,-453.0,843.578218113631
937.136328,500,147.379372,-500.0,937.1363282948732
1033.737109,500,147.66219,-500.0,1033.7371086589992
779.836043,500,147.944086,-500.0,779.8360433187336
892.307041,500,148.227735,-500.0,892.3070409595966
634.72863,327,149.160898,-326.0,634.7286299653351
917.897168,500,149.438413,-500.0,917.8971682749689
711.143603,366,149.65025,-365.0,711.1436028201133
1045.87382,500,151.972251,-500.0,1045.87382042408
962.135112,500,152.263333,-500.0,962.1351120844483
917.493108,500,153.308291,-500.0,917.4931082874537
911.61379,361,153.513843,-360.0,911.6137898303568
930.125251,500,153.797555,-500.0,930.125250512734
444.466771,289,153.953131,-288.0,444.46677070111036
687.798778,371,154.159151,-370.0,687.7987783588469
932.362577,500,155.202397,-500.0,932.3625771328807
725.978171,392,155.420522,-391.0,725.9781708903611
971.825663,500,155.701233,-500.0,971.825663253665
1033.074076,500,155.974224,-500.0,1033.074075780809
814.742127,448,159.020007,-447.0,814.7421268820763
409.832224,258,159.162072,-257.0,409.8322235494852
849.57912,500,159.429043,-500.0,849.5791198629886
1127.997502,500,159.713948,-500.0,1127.9975021835417
1030.232119,500,159.996192,-500.0,1030.2321186289191
846.610677,444,161.002663,-443.0,846.6106768865138
638.44266,349,161.194119,-348.0,638.4426598139107
913.714405,500,161.482458,-500.0,913.7144047319889
799.867295,354,161.682079,-353.0,799.8672945126891
712.554679,367,161.936425,-366.0,712.5546790938824
944.766832,500,163.03932,-500.0,944.7668321728706
916.007492,500,165.309036,-500.0,916.0074917580932
702.827134,500,165.582214,-500.0,702.8271338175982
684.3925,500,165.862316,-500.0,684.392499923706
764.218889,500,166.871162,-500.0,764.2188886553049
585.096123,371,167.095192,-370.0,585.0961230508983
683.176121,500,167.394062,-500.0,683.1761206397787
715.500373,500,167.699697,-500.0,715.5003734454513
802.671512,500,168.7561,-500.0,802.671511746943
861.083237,402,168.984504,-401.0,861.0832367837429
1098.227234,500,169.268926,-500.0,1098.227234236896
905.428849,500,169.544478,-500.0,905.4288491010666
944.754196,500,171.853379,-500.0,944.7541959136724
991.337202,500,172.92858,-500.0,991.3372020572424
735.150582,500,173.207366,-500.0,735.1505818031728
945.964995,500,173.471451,-500.0,945.9649945758283
833.567431,500,173.754606,-500.0,833.5674307020381
459.880877,271,174.639762,-270.0,459.88087678700686
1091.036669,500,174.91687,-500.0,1091.0366689562798
928.701828,500,175.19792,-500.0,928.7018283680081
876.740187,500,175.475407,-500.0,876.7401869166642
1023.607846,500,176.520779,-500.0,1023.6078464314342
953.607457,426,178.867098,-425.0,953.6074574328959
914.709056,500,179.142158,-500.0,914.7090561725199
1137.855483,500,179.426864,-500.0,1137.8554825559258
600.376737,276,179.583564,-275.0,600.3767372965813
872.027339,399,180.55574,-398.0,872.0273393318057
733.913556,342,180.745773,-341.0,733.9135555997491
578.113902,273,180.899485,-272.0,578.113902412355
672.431303,320,181.082497,-319.0,672.4313029423356
552.570072,253,181.226842,-252.0,552.5700720138848
475.922248,255,181.366983,-254.0,475.9222483113408
781.310113,373,181.582522,-372.0,781.3101129457355
943.352732,411,182.554904,-410.0,943.3527324348688
475.079606,268,182.700086,-267.0,475.07960640639067
596.902862,289,182.855555,-288.0,596.9028617218137
382.211209,231,182.984097,-230.0,382.2112086676061
950.240771,406,185.279768,-405.0,950.2407706975937
508.878387,284,185.43712,-283.0,508.8783865123987
1010.997733,469,186.462012,-468.0,1010.9977327175438
1058.02887,500,186.745946,-500.0,1058.0288699995726
1045.690652,500,187.027569,-500.0,1045.6906521171331
1062.489735,500,187.306947,-500.0,1062.4897350771353
493.745488,270,187.461479,-269.0,493.74548806250095
933.55515,500,188.545262,-500.0,933.5551500692964
896.323978,500,188.844391,-500.0,896.3239777926356
936.371482,500,189.130118,-500.0,936.3714821822941
911.722017,500,189.413833,-500.0,911.722017198801
932.543087,500,192.480772,-500.0,932.5430870503187
865.474435,500,192.753464,-500.0,865.4744352521375
985.463665,500,193.027534,-500.0,985.4636650197208
879.772479,500,193.304385,-500.0,879.772478627041
1086.197294,500,194.409783,-500.0,1086.1972941337153
650.144326,325,194.595546,-324.0,650.1443264186382
958.102913,418,194.831394,-417.0,958.1029125750065
640.109065,302,195.004354,-301.0,640.1090649999678
619.52233,276,195.154385,-275.0,619.522330056876
420.171008,212,195.2717,-211.0,420.17100767046213
1093.307228,452,196.279587,-451.0,1093.3072280939668
921.090424,500,196.5606,-500.0,921.0904236212373
1046.641777,500,198.851398,-500.0,1046.6417767554522
1113.002692,500,199.168536,-500.0,1113.0026920158416
726.781971,347,200.179244,-346.0,726.7819707468152
1069.904323,500,200.458453,-500.0,1069.9043227415532
894.053742,500,200.743359,-500.0,894.053741902113
937.720141,500,201.026627,-500.0,937.720140915364
937.020549,464,202.038127,-463.0,937.0205488577485
1104.468576,442,202.276305,-441.0,1104.468576464802
880.46996,357,202.467321,-356.0,880.469959653914
564.903334,269,202.630395,-268.0,564.9033339265734
1038.236154,473,202.896613,-472.0,1038.23615418002
609.790225,307,203.07002,-306.0,609.7902253717184
1106.596936,500,206.218399,-500.0,1106.5969356782734
529.636393,274,206.367347,-273.0,529.636393416673
626.556928,303,206.531263,-302.0,626.5569284781814
821.421283,380,206.753109,-379.0,821.4212831435725
1048.771012,500,207.033472,-500.0,1048.771011877805
1047.782153,500,208.064469,-500.0,1047.7821533977985
1126.31049,500,208.337317,-500.0,1126.3104897169396
1076.728764,500,208.61365,-500.0,1076.728763975203
942.774734,500,208.892397,-500.0,942.7747343862429
561.124933,296,209.058172,-295.0,561.1249329987913
913.740232,500,210.131339,-500.0,913.740232469514
902.675877,500,212.437568,-500.0,902.6758773196489
869.59483,500,212.717256,-500.0,869.5948300771415
1079.083016,500,212.999949,-500.0,1079.0830158740282
791.304371,359,213.962004,-358.0,791.3043711911887
237.86786,154,214.05025,-153.0,237.86786016076803
586.907702,283,214.202981,-282.0,586.9077020734549
1123.380795,500,214.475146,-500.0,1123.3807948194444
818.030824,362,214.678233,-361.0,818.0308242030442
482.369789,261,214.830714,-260.0,482.36978929676116
661.959002,303,215.923276,-302.0,661.9590022042394
1001.078398,500,216.201576,-500.0,1001.0783984712325
694.034762,350,216.39706,-349.0,694.0347624570131
719.97253,352,216.598053,-351.0,719.9725295072421
1000.538838,500,216.87889,-500.0,1000.5388381630182
989.868218,500,219.911016,-500.0,989.8682175092399
995.533469,500,220.193257,-500.0,995.5334692001343
1040.145014,500,220.491313,-500.0,1040.145014345646
833.930301,500,220.796222,-500.0,833.930301245302
987.084689,482,221.8529,-481.0,987.0846889205277
998.646129,500,222.131927,-500.0,998.6461286824197
931.370854,500,222.404213,-500.0,931.3708540014923
927.151761,500,222.690388,-500.0,927.1517611257732
910.244544,434,223.690148,-433.0,910.2445435840636
391.434141,222,223.81621,-221.0,391.4341409355402
1222.890124,500,226.037002,-500.0,1222.890123732388
622.338292,283,226.202108,-282.0,622.3382921405137
1134.014238,500,226.484561,-500.0,1134.0142380967736
890.892428,385,226.702818,-384.0,890.8924284502864
892.359238,500,227.773981,-500.0,892.3592383041978
1009.454938,500,228.051725,-500.0,1009.4549375250936
1066.459827,500,228.333426,-500.0,1066.4598267562687
950.40551,500,228.609999,-500.0,950.4055100288242
909.214256,500,229.652937,-500.0,909.2142559522763
850.047519,500,229.929697,-500.0,850.0475194528699
993.796921,500,230.214753,-500.0,993.7969211116433
828.79165,500,232.595635,-500.0,828.7916503681336
931.41458,500,233.747558,-500.0,931.4145798124373
954.988642,460,234.027596,-459.0,954.9886417239904
888.924464,500,234.313834,-500.0,888.9244636017829
848.880101,394,234.539885,-393.0,848.880101159215
910.263107,500,235.590158,-500.0,910.2631066814065
1064.792161,500,235.860974,-500.0,1064.7921614646912
998.564771,500,236.158727,-500.0,998.5647710673511
1022.703291,500,236.463757,-500.0,1022.7032912820578
1162.225461,500,237.539719,-500.0,1162.2254608497024
921.288677,414,239.739658,-413.0,921.2886773273349
1081.704339,500,240.022072,-500.0,1081.7043388448656
748.79613,346,240.215627,-345.0,748.796129770577
856.137458,366,240.417747,-365.0,856.1374579779804
986.93141,484,241.445811,-483.0,986.9314102977514
1120.175849,500,241.743555,-500.0,1120.1758492290974
1216.772646,500,242.053991,-500.0,1216.7726457435638
540.739113,291,242.21386,-290.0,540.7391131445765
1010.452643,500,242.506325,-500.0,1010.4526427742094
999.622313,500,243.556748,-500.0,999.6223133318126
799.290432,365,243.75164,-364.0,799.2904322817922
744.436188,355,243.943454,-354.0,744.4361877590418
533.226292,288,246.128612,-287.0,533.2262917682528
1006.64462,500,246.40175,-500.0,1006.6446198504418
628.441627,339,247.411452,-338.0,628.4416266046464
1020.777332,500,247.709632,-500.0,1020.7773315906525
512.303585,250,247.843322,-249.0,512.3035852201283
1042.266892,500,248.122673,-500.0,1042.2668923847377
958.982167,445,248.372365,-444.0,958.9821672067046
1137.678731,500,249.404471,-500.0,1137.678731404245
626.755465,329,249.585689,-328.0,626.7554646804929
494.443812,269,249.737265,-268.0,494.44381162524223
1051.87796,500,250.008678,-500.0,1051.8779600262642
916.502005,500,250.290279,-500.0,916.5020051244646
917.909127,500,253.477683,-500.0,917.9091272493824
877.91949,500,253.759381,-500.0,877.9194895513356
1052.466652,500,254.034332,-500.0,1052.4666524454951
896.960701,500,254.318638,-500.0,896.9607007429004
803.383894,500,255.363477,-500.0,803.3838943932205
906.575554,500,255.640627,-500.0,906.5755535885692
872.147262,500,255.923274,-500.0,872.1472619995475
891.112181,500,256.207359,-500.0,891.1121810157783
1041.132146,500,257.239455,-500.0,1041.1321456581354
380.796373,209,257.356212,-208.0,380.79637333378196
1114.553321,500,257.629453,-500.0,1114.5533208176494
1103.855703,465,259.948311,-464.0,1103.8557028528303
1089.264837,500,260.221316,-500.0,1089.2648366987705
1002.912706,500,261.260292,-500.0,1002.9127059429884
965.073624,500,261.542218,-500.0,965.0736244712025
901.736589,428,261.779343,-427.0,901.7365894000977
724.213312,352,261.983516,-351.0,724.2133117690682
1020.857214,500,263.044359,-500.0,1020.8572142925113
861.858752,500,263.362455,-500.0,861.8587517030537
995.164719,500,263.659288,-500.0,995.1647194009274
1131.047389,500,263.935334,-500.0,1131.0473894774914
1013.166193,500,266.979553,-500.0,1013.1661925390363
667.061132,326,267.159093,-325.0,667.0611317157745
992.401732,500,267.437193,-500.0,992.401731595397
593.298517,285,267.595969,-284.0,593.2985166236758
1163.475157,500,267.87599,-500.0,1163.4751569367945
1123.138731,500,268.974474,-500.0,1123.1387308090925
712.373261,318,269.15319,-317.0,712.3732612431049
1148.766131,476,269.425436,-475.0,1148.7661305740476
925.463715,401,269.646141,-400.0,925.4637154862285
750.951506,330,269.834374,-329.0,750.9515056610107
997.592969,500,270.854162,-500.0,997.5929687321186
1124.881352,500,271.135013,-500.0,1124.881352033466
960.045714,500,273.432937,-500.0,960.0457139238715
1079.912395,500,273.747177,-500.0,1079.9123947918415
1051.595197,500,274.818444,-500.0,1051.5951971635222
585.379819,276,274.972978,-275.0,585.3798194509
810.546442,365,275.194641,-364.0,810.5464422404766
876.421433,430,275.429177,-429.0,876.4214334581047
570.709327,291,275.595475,-290.0,570.7093272656202
374.279846,221,275.718581,-220.0,374.27984619513154
1105.210605,500,276.764261,-500.0,1105.2106054872274
936.545558,454,277.010929,-453.0,936.545558013022
1030.602684,500,277.286789,-500.0,1030.6026843935251
1105.529734,500,277.579403,-500.0,1105.5297338012606
330.483131,175,277.672845,-174.0,330.48313070833683
986.29869,500,280.758107,-500.0,986.2986896038055
905.212741,500,281.033195,-500.0,905.2127405852079
964.301631,500,281.313563,-500.0,964.3016308173537
924.187551,500,281.597475,-500.0,924.1875505652279
1021.53306,500,282.638142,-500.0,1021.5330597311258
872.93327,500,282.918041,-500.0,872.9332696422935
856.057481,500,283.191711,-500.0,856.0574807822704
878.866567,500,283.470347,-500.0,878.8665666903835
935.008772,500,284.593694,-500.0,935.0087717585266
295.709937,159,284.690712,-158.0,295.70993738621473
889.888653,396,286.769275,-395.0,889.8886525277048
291.620553,164,286.872672,-163.0,291.62055349349976
616.379861,290,287.033755,-289.0,616.3798607289791
685.550936,296,287.194965,-295.0,685.5509359519929
721.929779,309,287.375075,-308.0,721.9297790452838
497.067639,241,287.515133,-240.0,497.0676393508911
594.80878,284,288.43764,-283.0,594.8087798058987
1153.954337,500,288.721004,-500.0,1153.9543373957276
680.957261,301,288.883096,-300.0,680.9572611898184
1149.276502,500,289.166981,-500.0,1149.2765023335814
1217.382644,500,289.438959,-500.0,1217.382643615827
980.456388,500,290.562985,-500.0,980.4563884884119
1060.05618,500,290.844959,-500.0,1060.0561804622412
989.381173,500,291.127977,-500.0,989.3811727538705
1008.497933,500,293.418818,-500.0,1008.4979334697127
954.11332,452,294.424738,-451.0,954.1133199743927
952.689341,500,294.71388,-500.0,952.6893414072692
965.119078,500,295.031983,-500.0,965.1190783586353
985.151197,500,295.325012,-500.0,985.1511971689761
855.41931,395,296.30025,-394.0,855.4193103536963
914.616964,462,296.557508,-461.0,914.6169639583677
975.736157,500,296.837911,-500.0,975.7361574321985
1047.251614,500,297.117762,-500.0,1047.251614343375
1164.397767,500,298.171767,-500.0,1164.397767394781
1102.540477,500,300.522425,-500.0,1102.540477387607
1011.283317,500,300.820259,-500.0,1011.2833174206316
955.437529,500,301.097377,-500.0,955.4375287564471
1028.940562,500,302.139512,-500.0,1028.9405616745353
853.535077,500,302.417019,-500.0,853.5350769273937
979.424828,500,302.694861,-500.0,979.424827825278
929.418509,500,302.978416,-500.0,929.4185094162822
1063.509402,500,304.016321,-500.0,1063.5094024334103
1120.289838,500,304.294779,-500.0,1120.2898384518921
1055.743361,500,304.578635,-500.0,1055.7433607950807
1022.745413,500,306.92214,-500.0,1022.7454126700759
1124.135135,500,307.210846,-500.0,1124.1351347956806
934.25227,500,308.23032,-500.0,934.2522702291608
790.854948,500,308.508922,-500.0,790.8549484047107
834.999925,500,308.781363,-500.0,834.9999250192195
899.31176,500,309.055302,-500.0,899.3117604022846
1105.261443,500,310.087408,-500.0,1105.2614426612854
867.17414,406,310.319511,-405.0,867.1741401031613
1102.079642,500,310.600272,-500.0,1102.079642182216
761.420281,366,310.822048,-365.0,761.4202810786664
1088.21853,500,313.920979,-500.0,1088.2185299620032
1107.344621,500,314.204133,-500.0,1107.3446206077933
1153.735963,500,314.496248,-500.0,1153.7359631881118
519.214461,264,314.651259,-263.0,519.2144611440599
989.930852,500,314.94156,-500.0,989.9308521170169
1024.935444,500,315.969977,-500.0,1024.9354443401098
1080.282193,500,316.285418,-500.0,1080.2821927815676
865.258678,371,316.516416,-370.0,865.2586782723665
1061.72753,500,316.82373,-500.0,1061.727529719472
1046.628974,500,317.851533,-500.0,1046.6289744265378
1121.290372,500,318.134781,-500.0,1121.290371991694
1209.934205,500,320.418683,-500.0,1209.9342050254345
1095.428189,500,320.695325,-500.0,1095.4281885139644
1226.26558,500,321.782452,-500.0,1226.2655795887113
1106.109605,500,322.065244,-500.0,1106.1096049956977
1057.381778,500,322.349405,-500.0,1057.3817782215774
794.188399,372,322.550428,-371.0,794.1883987784386
1052.33876,500,322.82733,-500.0,1052.3387601040304
577.344421,267,323.717045,-266.0,577.3444210626185
1013.754879,500,324.012093,-500.0,1013.7548789978027
1164.632733,500,324.293278,-500.0,1164.632733464241
1005.528195,500,324.574999,-500.0,1005.5281949043274
1062.155252,500,327.74214,-500.0,1062.155251616612
1110.479684,500,328.01911,-500.0,1110.4796835929155
1062.323899,500,328.308348,-500.0,1062.3238993864506
886.252346,500,328.581495,-500.0,886.2523456020281
921.010805,405,329.556242,-404.0,921.0108046480455
1148.520695,500,329.833765,-500.0,1148.5206946134567
907.040133,500,330.119972,-500.0,907.0401325672865
1106.542225,500,330.404998,-500.0,1106.5422248132527
1054.440635,500,330.687024,-500.0,1054.4406354129314
407.677908,195,331.547914,-194.0,407.6779078170657
1219.344991,500,331.821933,-500.0,1219.3449905738235
1060.056248,500,334.128952,-500.0,1060.0562479496002
1155.38827,500,334.404916,-500.0,1155.3882695883512
907.441597,380,335.359595,-379.0,907.4415966495872
365.509479,203,335.47693,-202.0,365.5094789862633
909.734408,432,335.717916,-431.0,909.7344083636999
1100.363376,500,335.987525,-500.0,1100.3633758500218
1162.173538,500,336.264171,-500.0,1162.1735378354788
1147.820323,500,337.301378,-500.0,1147.8203228265047
1124.420914,500,337.621311,-500.0,1124.420914132148
893.596281,425,337.899925,-424.0,893.5962805747986
1066.777758,500,338.176141,-500.0,1066.7777582034469
1056.258819,500,340.455937,-500.0,1056.258818577975
967.795597,500,341.496207,-500.0,967.7955973278731
1040.188239,500,341.794698,-500.0,1040.1882392428815
997.079519,500,342.064073,-500.0,997.0795186450705
1001.311909,500,342.339477,-500.0,1001.3119093962014
997.904421,500,343.432829,-500.0,997.9044208228588
939.303639,500,343.718992,-500.0,939.3036388233304
1057.739508,500,343.994912,-500.0,1057.739508194849
1137.952274,500,344.278512,-500.0,1137.952274248004
1133.213808,500,345.304884,-500.0,1133.213807856664
1122.900932,500,347.583695,-500.0,1122.9009320437908
1123.424045,494,347.87199,-493.0,1123.424045484513
1097.839532,500,348.182598,-500.0,1097.8395316265523
1157.720968,500,349.248341,-500.0,1157.72096766904
879.347978,386,349.465216,-385.0,879.3479775264859
1195.002784,500,349.742426,-500.0,1195.002783736214
826.978184,365,349.957323,-364.0,826.978183850646
1034.603727,500,350.988738,-500.0,1034.6037265062332
1133.804378,500,351.262775,-500.0,1133.8043775632977
1117.470739,500,351.536598,-500.0,1117.4707389175892
1014.36892,500,353.893434,-500.0,1014.3689200654626
1104.119213,500,354.177592,-500.0,1104.1192127559334
1048.735573,500,355.20249,-500.0,1048.7355728372931
1043.929414,500,355.477661,-500.0,1043.9294137209654
1086.09396,500,355.758914,-500.0,1086.0939596518874
1059.6057,500,356.036628,-500.0,1059.6056998297572
1229.668826,500,357.083755,-500.0,1229.6688260026276
792.719632,348,357.270176,-347.0,792.7196319960058
1185.169024,500,357.558597,-500.0,1185.1690239682794
519.815643,255,357.701686,-254.0,519.8156433999538
1121.542304,500,357.992959,-500.0,1121.542303789407
1003.669662,438,360.977385,-437.0,1003.6696618273854
1164.567909,500,361.249484,-500.0,1164.5679089780897
1170.184968,500,361.535705,-500.0,1170.184967584908
309.589952,155,361.622452,-154.0,309.58995218575
1190.930838,500,362.65939,-500.0,1190.9308376684785
1179.719341,500,362.930733,-500.0,1179.719340853393
1170.369345,500,363.210582,-500.0,1170.3693450689316
1167.659853,500,363.502183,-500.0,1167.6598531194031
752.183234,357,363.696744,-356.0,752.1832341775298
1099.174577,500,364.851369,-500.0,1099.174576625228
1028.857089,500,365.121724,-500.0,1028.8570890426636
1104.563842,500,367.370762,-500.0,1104.5638417601585
970.149897,500,367.655416,-500.0,970.1498967222869
636.997842,312,368.596277,-311.0,636.9978420883417
1193.500368,500,368.869307,-500.0,1193.5003676749766
1203.976904,500,369.149158,-500.0,1203.9769037030637
1143.179933,500,369.45454,-500.0,1143.179932847619
1132.386114,500,370.532133,-500.0,1132.3861142247915
1064.127165,500,370.816651,-500.0,1064.127164747566
1199.142626,500,371.097625,-500.0,1199.142626337707
1048.55548,500,371.371262,-500.0,1048.5554803572595
1122.623882,500,372.412412,-500.0,1122.6238818392158
1136.689893,500,374.736743,-500.0,1136.6898934617639
1320.882993,500,375.0364,-500.0,1320.882992863655
1064.797513,439,375.282983,-438.0,1064.7975133135915
818.001878,362,375.490459,-361.0,818.001878336072
1188.357632,500,376.539198,-500.0,1188.3576321452856
1118.971294,500,376.816785,-500.0,1118.9712943285704
851.624744,380,377.029277,-379.0,851.6247440055013
1061.648834,500,377.309202,-500.0,1061.6488339342177
641.101919,296,377.470796,-295.0,641.101919323206
1100.54769,500,378.498048,-500.0,1100.5476896241307
1100.162412,500,378.767559,-500.0,1100.1624120511115
1111.783825,500,381.122807,-500.0,1111.7838249355555
1057.382354,500,381.40635,-500.0,1057.3823537528515
1101.489105,500,382.447998,-500.0,1101.489105027169
880.607077,407,382.671559,-406.0,880.6070774905384
993.279051,500,382.945983,-500.0,993.2790505588055
1030.058086,500,383.220409,-500.0,1030.0580862537026
1068.919612,500,384.279018,-500.0,1068.9196117259562
995.659246,500,384.571435,-500.0,995.6592463590205
1059.266999,500,384.863179,-500.0,1059.2669990435243
993.871238,500,385.155027,-500.0,993.8712384663522
1095.696614,500,388.253418,-500.0,1095.6966138388962
1081.63796,500,388.527843,-500.0,1081.637959562242
252.926601,145,388.612489,-144.0,252.92660089582205
1143.725505,500,388.895155,-500.0,1143.725505022332
1181.009624,500,389.188402,-500.0,1181.0096238479018
628.921066,271,390.101348,-270.0,628.9210655651987
974.877052,500,390.384874,-500.0,974.8770515564829
1082.799706,500,390.700709,-500.0,1082.7997056692839
1044.751676,500,390.983459,-500.0,1044.7516756504774
1082.060802,500,391.270976,-500.0,1082.0608015842736
1206.851558,500,392.309839,-500.0,1206.8515582494438
1174.58841,500,394.562269,-500.0,1174.588409634307
1007.47632,426,394.81499,-425.0,1007.4763196930289
1203.256146,500,395.096331,-500.0,1203.2561458051205
1128.675342,500,396.197865,-500.0,1128.675342027098
1070.423423,500,396.494168,-500.0,1070.423423372209
662.218673,302,396.663668,-301.0,662.2186725214124
416.286638,206,396.780465,-205.0,416.28663821239024
1117.438066,500,397.055017,-500.0,1117.4380664527416
1112.651982,500,398.090098,-500.0,1112.651982460171
1071.242831,500,398.367022,-500.0,1071.242831133306
980.701269,426,398.603938,-425.0,980.7012689374387
1134.273107,500,400.89206,-500.0,1134.2731070071459
1071.8985,500,402.049963,-500.0,1071.8985001556575
1009.674071,500,402.320853,-500.0,1009.6740710604936
765.066674,366,402.525902,-365.0,765.0666744560003
1051.406578,500,402.800941,-500.0,1051.4065780751407
1019.999122,500,403.827882,-500.0,1019.9991218671203
391.290841,220,403.953755,-219.0,391.2908411324024
1023.464167,500,404.231644,-500.0,1023.464167252183
1033.27407,500,404.511056,-500.0,1033.2740697413683
1093.946426,500,404.788009,-500.0,1093.9464261084795
1117.812357,500,405.816748,-500.0,1117.812357204035
992.897375,500,408.16495,-500.0,992.8973747491837
1070.434283,500,408.450765,-500.0,1070.4342833459377
1096.076679,500,408.726936,-500.0,1096.0766793377697
1089.114581,500,409.754462,-500.0,1089.1145813837647
1126.421409,500,410.052817,-500.0,1126.421408796683
1071.432323,500,410.328751,-500.0,1071.4323234725744
1111.237277,500,410.615021,-500.0,1111.237276725471
1096.435746,500,411.646895,-500.0,1096.4357456192374
505.171792,227,411.775437,-226.0,505.17179211974144
1310.145763,500,412.095101,-500.0,1310.1457632109523
1222.8656,457,412.369692,-456.0,1222.8656001463532
259.894651,139,412.45247,-138.0,259.8946509361267
1012.144073,392,414.377557,-391.0,1012.1440725922585
761.703618,323,415.312799,-322.0,761.7036184072495
477.461482,195,415.41688,-194.0,477.4614821821451
485.760004,210,415.535896,-209.0,485.7600038200617
289.751029,146,415.617719,-145.0,289.75102899968624
215.51542,124,415.685483,-123.0,215.51542028784752
604.034041,253,415.82252,-252.0,604.0340412706137
240.038626,128,415.893663,-127.0,240.03862623125315
466.055856,205,416.012389,-204.0,466.0558555573225
571.878254,242,416.156573,-241.0,571.8782544881105
425.958894,198,416.262147,-197.0,425.95889419689775
310.101839,149,416.347557,-148.0,310.1018387377262
838.682295,343,417.335826,-342.0,838.6822949945927
963.918205,367,417.553818,-366.0,963.9182047992945
592.750074,249,417.690929,-248.0,592.7500738240778
652.01024,267,417.837656,-266.0,652.0102400332689
367.276429,179,417.934445,-178.0,367.2764289751649
754.56523,317,418.118709,-316.0,754.565230329521
661.111517,281,418.270144,-280.0,661.1115168631077
700.968913,271,419.17874,-270.0,700.9689133912325
738.708424,306,421.35269,-305.0,738.7084240056574
1232.075191,500,421.628451,-500.0,1232.0751910060644
1278.782772,489,421.903574,-488.0,1278.782772347331
1252.030317,500,422.186448,-500.0,1252.0303167030215
1201.792818,500,423.296557,-500.0,1201.7928175628185
1003.011677,418,423.530262,-417.0,1003.0116773247719
1178.383315,500,423.804694,-500.0,1178.3833145797253
1151.64566,500,424.068433,-500.0,1151.645660251379
1118.188052,500,425.078223,-500.0,1118.1880519557744
1105.502016,500,425.35688,-500.0,1105.5020164009184
1155.775885,500,427.651903,-500.0,1155.7758850976825
1100.337712,453,427.939637,-452.0,1100.3377116918564
1122.910608,500,429.002194,-500.0,1122.910607561469
1158.921331,500,429.290998,-500.0,1158.9213311253116
1041.246507,500,429.576559,-500.0,1041.2465069964528
1087.559191,500,429.839331,-500.0,1087.5591910034418
1097.700863,500,430.86568,-500.0,1097.700863339007
1167.763127,500,431.137928,-500.0,1167.763126950711
1197.887549,500,431.417441,-500.0,1197.887549303472
1145.726509,500,431.70535,-500.0,1145.7265090569854
1108.174924,500,432.744456,-500.0,1108.17492409423
1148.942369,500,435.044424,-500.0,1148.9423685483634
1118.972414,500,435.328522,-500.0,1118.9724139124155
749.629891,334,435.512252,-333.0,749.6298909038305
755.30463,352,435.701865,-351.0,755.3046297132969
1075.567113,500,436.743094,-500.0,1075.56711319834
1097.185328,500,437.030075,-500.0,1097.1853283997625
1070.275224,500,437.308558,-500.0,1070.2752236127853
1097.450542,500,437.594232,-500.0,1097.4505417495966
1147.880701,500,438.686965,-500.0,1147.8807010054588
763.317062,358,438.917997,-357.0,763.317061919719
1170.258781,500,441.229041,-500.0,1170.2587806507945
978.827727,435,441.473961,-434.0,978.8277270495892
1125.029872,500,441.749037,-500.0,1125.02987190336
1144.081476,500,442.789146,-500.0,1144.081476047635
548.956036,259,442.931886,-258.0,548.9560361122712
1050.072501,500,443.215086,-500.0,1050.072501167655
1113.800443,500,443.505166,-500.0,1113.8004426211119
1097.745873,500,444.650262,-500.0,1097.7458728402853
1045.962471,500,444.930905,-500.0,1045.9624709635973
555.658359,238,445.066301,-237.0,555.6583589017391
1147.126818,500,445.33704,-500.0,1147.1268176734447
1085.893072,500,445.620638,-500.0,1085.89307166636
1157.784413,500,448.664128,-500.0,1157.7844128385186
1188.887614,500,448.936087,-500.0,1188.8876142427325
731.485539,314,449.131366,-313.0,731.485539317131
1021.968265,500,449.431057,-500.0,1021.968265298754
1055.212064,500,450.471982,-500.0,1055.2120639272034
627.320063,283,450.640275,-282.0,627.3200631439686
1018.934522,500,450.910499,-500.0,1018.9345217049122
1070.511792,500,451.181031,-500.0,1070.511792048812
1174.709918,500,451.460104,-500.0,1174.7099175341427
1008.089209,500,452.502605,-500.0,1008.089209407568
1103.349011,500,454.833843,-500.0,1103.3490108810365
1153.145417,500,455.112063,-500.0,1153.1454172581434
1041.794086,500,455.383153,-500.0,1041.7940862998366
1126.609927,500,456.406186,-500.0,1126.609927430749
1063.026299,500,456.694648,-500.0,1063.0262986533344
1049.950634,500,456.979161,-500.0,1049.9506340771914
1136.483309,500,457.256271,-500.0,1136.4833088368177
1013.454393,500,458.287926,-500.0,1013.4543925449252
1027.397152,500,458.573633,-500.0,1027.397151723504
1053.538188,500,458.852533,-500.0,1053.5381884425879
989.630102,500,461.197355,-500.0,989.6301024407148
1023.783314,500,462.257752,-500.0,1023.7833144962788
1107.47516,500,462.53798,-500.0,1107.4751601442695
1110.665863,500,462.82081,-500.0,1110.6658633034676
1067.784936,500,463.099169,-500.0,1067.7849364094436
728.76814,320,463.274751,-319.0,728.7681396603584
1030.172858,500,464.313861,-500.0,1030.1728577762842
1114.223715,500,464.597816,-500.0,1114.2237151116133
1135.431471,500,464.869903,-500.0,1135.4314709305763
1059.91365,500,465.180637,-500.0,1059.9136500135064
1027.214006,500,466.253954,-500.0,1027.2140060849488
1047.878094,500,468.549385,-500.0,1047.8780944123864
1095.222196,500,468.842609,-500.0,1095.2221959605813
1023.277007,500,469.118303,-500.0,1023.2770066708326
1124.449627,500,470.15542,-500.0,1124.4496265351772
1069.686374,500,470.456844,-500.0,1069.6863735504448
1046.803647,500,470.769841,-500.0,1046.8036472089589
1020.801258,500,471.047884,-500.0,1020.80125810951
1231.423437,500,472.087719,-500.0,1231.4234368130565
1297.163764,500,472.358512,-500.0,1297.1637641191483
1248.668086,500,472.638287,-500.0,1248.6680858284235
1207.342497,500,474.908825,-500.0,1207.3424970954657
1200.782818,500,475.973813,-500.0,1200.7828175723553
547.091309,236,476.135729,-235.0,547.0913087204099
378.022883,181,476.260903,-180.0,378.0228825882077
380.577404,168,476.368721,-167.0,380.57740434259176
576.804291,256,476.507554,-255.0,576.8042905628681
662.382612,261,476.65638,-260.0,662.3826116099954
470.750946,203,476.770756,-202.0,470.7509460374713
1881.804063,461,477.028539,-460.0,1881.8040626645088
944.087347,375,477.992549,-374.0,944.0873470455408
1318.506811,500,478.275535,-500.0,1318.5068107768893
708.288196,302,478.449018,-301.0,708.2881957963109
262.115225,136,478.525598,-135.0,262.1152249239385
402.659834,208,478.638173,-207.0,402.65983394533396
1380.218564,500,478.920209,-500.0,1380.2185636162758
1178.555396,500,481.877363,-500.0,1178.5553961992264
561.130217,246,482.018744,-245.0,561.130217064172
1170.258042,500,482.296584,-500.0,1170.2580423504114
1094.440167,459,482.548648,-458.0,1094.440167274326
845.582647,334,482.738384,-333.0,845.5826474949718
1213.65888,500,483.791524,-500.0,1213.6588799580932
324.110124,167,483.884399,-166.0,324.1101243570447
1207.848493,500,484.163514,-500.0,1207.8484929129481
1131.529524,500,484.443562,-500.0,1131.5295239388943
1201.873516,500,485.461188,-500.0,1201.873515918851
1169.117672,500,485.737278,-500.0,1169.1176717579365
1089.837117,500,486.017156,-500.0,1089.8371173422784
1245.331339,500,488.368678,-500.0,1245.3313393965364
1126.89512,500,488.651138,-500.0,1126.8951195031404
1049.601314,500,489.68723,-500.0,1049.6013140454888
1274.971502,500,489.97154,-500.0,1274.9715020880103
1094.791917,500,490.247348,-500.0,1094.7919171750546
1226.167906,500,490.534392,-500.0,1226.16790625453
1151.261816,500,491.573269,-500.0,1151.261815905571
1145.598215,500,491.885701,-500.0,1145.5982148051262
1047.278761,500,492.182143,-500.0,1047.2787608802319
1050.848664,500,492.460185,-500.0,1050.8486644476652
1142.079193,500,495.502418,-500.0,1142.0791928470135
1114.713276,500,495.780445,-500.0,1114.713276438415
1148.606902,500,496.055314,-500.0,1148.6069015935063
1138.721122,500,496.330008,-500.0,1138.7211217731237
537.273863,235,497.270039,-234.0,537.2738629877567
671.576654,291,497.437513,-290.0,671.5766535773873
194.771819,122,497.51447,-121.0,194.77181916311383
966.815928,369,497.715381,-368.0,966.8159282207489
428.880679,201,497.829561,-200.0,428.8806791603565
1281.892682,500,498.103085,-500.0,1281.892681762576
955.890574,389,498.324317,-388.0,955.8905743360519
1227.377203,500,499.357366,-500.0,1227.377202756703
773.638489,311,499.537094,-310.0,773.6384892910719
283.549636,147,499.623927,-146.0,283.5496359318495
417.624335,189,501.448718,-188.0,417.6243352368474
1211.92045,500,501.732255,-500.0,1211.9204503297806
623.011119,271,501.887474,-270.0,623.0111186131835
332.996962,161,501.974276,-160.0,332.9969617277384
1278.883607,500,503.102029,-500.0,1278.8836065139621
1153.312986,500,503.373891,-500.0,1153.3129856660962
1144.287633,500,503.656262,-500.0,1144.287632867694
1160.183454,500,503.936266,-500.0,1160.1834540776908
988.258964,417,504.923921,-416.0,988.2589635252953
1155.84221,500,505.201992,-500.0,1155.8422102108598
699.082019,324,505.379884,-323.0,699.0820192843676
1144.744432,500,505.662967,-500.0,1144.7444321587682
1261.867933,500,508.780091,-500.0,1261.8679327741265
1055.178867,500,509.066016,-500.0,1055.1788666844368
1124.100806,500,509.34289,-500.0,1124.1008055061102
1070.763242,500,509.631332,-500.0,1070.763241842389
1063.503483,500,510.665774,-500.0,1063.5034828670323
1127.64421,500,510.935995,-500.0,1127.644209831953
1281.957616,500,511.221866,-500.0,1281.9576164372265
1109.918265,500,511.496071,-500.0,1109.9182646498084
1179.05288,500,511.770142,-500.0,1179.0528798364103
1141.804698,500,512.797151,-500.0,1141.8046980276704
1119.04563,500,515.224032,-500.0,1119.045630197972
1187.911428,500,515.505818,-500.0,1187.911427989602
1094.493262,500,515.780953,-500.0,1094.4932616986334
602.094455,259,516.692597,-258.0,602.0944547057152
278.964859,152,516.781697,-151.0,278.9648592583835
1201.279308,500,517.062603,-500.0,1201.2793081253767
542.443159,236,517.199276,-235.0,542.4431589990854
1172.306089,500,517.482744,-500.0,1172.3060890585184
1287.605318,500,518.592829,-500.0,1287.605317555368
1184.283178,500,518.877831,-500.0,1184.2831778228283
1265.50064,500,519.158913,-500.0,1265.5006400458515
1230.412098,500,519.427828,-500.0,1230.4120983704925
1211.603617,500,521.720562,-500.0,1211.6036168187857
1208.72522,500,522.777918,-500.0,1208.7252197563648
1160.222907,500,523.051288,-500.0,1160.222906600684
1193.766982,500,523.339138,-500.0,1193.766981549561
1236.3948,500,523.644514,-500.0,1236.3947995454073
1144.37168,500,524.713616,-500.0,1144.371679931879
1133.313312,500,525.001651,-500.0,1133.3133122324944
1224.638165,500,525.288897,-500.0,1224.6381651107222
1227.489731,500,525.565711,-500.0,1227.4897306412458
871.20367,351,526.536312,-350.0,871.2036698758602
1063.892451,411,528.658203,-410.0,1063.8924511224031
1166.007449,467,528.957606,-466.0,1166.007449477911
1214.625682,500,529.247516,-500.0,1214.625682274811
543.062579,226,529.375882,-225.0,543.062579408288
1286.76724,500,530.392372,-500.0,1286.7672397643328
1279.102769,500,530.665498,-500.0,1279.1027687191963
1180.175654,500,530.950808,-500.0,1180.1756535843015
644.235638,275,531.108704,-274.0,644.2356377840042
1178.495776,500,531.37863,-500.0,1178.4957756325603
881.982738,350,532.330873,-349.0,881.9827378168702
1046.925637,412,532.570406,-411.0,1046.9256374314427
1242.121417,500,532.854423,-500.0,1242.1214174330235
1240.044947,500,535.167755,-500.0,1240.0449465364218
1179.244638,500,536.199641,-500.0,1179.2446377128363
1173.297717,453,536.449396,-452.0,1173.2977166585624
1246.394354,500,536.728681,-500.0,1246.3943543583155
523.684878,226,536.847431,-225.0,523.6848776116967
298.168476,151,536.932248,-150.0,298.16847594082355
682.59939,290,537.093465,-289.0,682.5993903726339
1130.374282,500,538.141119,-500.0,1130.3742819018662
1118.650355,500,538.418366,-500.0,1118.6503550931811
1221.824122,500,538.700739,-500.0,1221.824122056365
1159.431732,500,538.973215,-500.0,1159.431732237339
1132.196844,500,542.100355,-500.0,1132.1968444436789
1232.531343,500,542.386436,-500.0,1232.5313434265554
1194.955787,500,542.667704,-500.0,1194.9557866100222
1179.446941,500,542.943299,-500.0,1179.4469409883022
1186.110575,500,543.9776,-500.0,1186.110574543476
1163.382432,500,544.268709,-500.0,1163.3824316337705
1166.905537,500,544.549129,-500.0,1166.9055369496346
1133.681219,500,544.845427,-500.0,1133.6812187992036
1210.785728,500,545.894185,-500.0,1210.7857281267643
1083.354579,500,546.183053,-500.0,1083.3545786440372
1175.053198,500,548.47538,-500.0,1175.0531977564096
1079.54882,500,548.757102,-500.0,1079.5488198548555
1136.181803,440,549.759978,-439.0,1136.1818030551076
1119.287978,500,550.064112,-500.0,1119.2879783138633
1192.799273,500,550.354454,-500.0,1192.7992729842663
1148.271644,500,550.683209,-500.0,1148.2716442495584
1115.612026,500,550.976409,-500.0,1115.6120263934135
1252.99272,500,552.063249,-500.0,1252.9927197396755
1265.299117,500,552.348393,-500.0,1265.2991165108979
1144.616388,500,552.638028,-500.0,1144.6163882166147
1235.507025,500,554.8103,-500.0,1235.5070247501135
1231.267495,500,555.910116,-500.0,1231.2674952447414
1205.695341,500,556.194442,-500.0,1205.6953408122063
1237.735753,500,556.466446,-500.0,1237.735753402114
1240.064117,500,556.750743,-500.0,1240.064116641879
714.509849,301,557.684311,-300.0,714.5098491460085
1171.70851,500,557.96048,-500.0,1171.7085100263357
1188.565933,500,558.2459,-500.0,1188.5659331008792
1159.301841,500,558.532254,-500.0,1159.301841147244
1228.585706,500,559.538717,-500.0,1228.5857059657574
467.907584,218,559.660842,-217.0,467.90758407115936
1200.398557,500,561.983895,-500.0,1200.3985569626093
1224.157391,500,562.280425,-500.0,1224.1573908925056
1217.032381,500,562.557855,-500.0,1217.0323811713606
1262.692327,500,563.616127,-500.0,1262.692327350378
1157.937828,484,563.893887,-483.0,1157.9378275237978
1195.233704,500,564.173084,-500.0,1195.2337040938437
438.002187,210,564.285461,-209.0,438.002187281847
1130.238982,500,564.562952,-500.0,1130.2389815747738
1224.333427,500,565.611119,-500.0,1224.3334270082414
1227.731815,500,565.920438,-500.0,1227.7318145930767
405.496888,185,566.044025,-184.0,405.4968882147223
1242.051675,500,566.33392,-500.0,1242.0516752144322
1228.152667,500,569.364705,-500.0,1228.152666915208
1171.199587,500,569.639477,-500.0,1171.1995869874954
1167.748645,500,569.91907,-500.0,1167.748645156622
1112.86314,500,570.2091,-500.0,1112.8631404340267
1200.578544,500,571.277385,-500.0,1200.5785440057516
1204.350064,500,571.570429,-500.0,1204.350063584745
1093.993704,500,571.855774,-500.0,1093.9937037564814
1178.675811,500,572.136672,-500.0,1178.6758111864328
1131.824036,500,572.420014,-500.0,1131.824036244303
1229.34335,500,573.461664,-500.0,1229.3433496654034
806.092121,339,575.432783,-338.0,806.0921208411455
1226.230146,500,575.716828,-500.0,1226.2301459237933
604.449044,254,575.859026,-253.0,604.4490444883704
725.056773,277,576.01912,-276.0,725.0567726250738
1287.764161,500,577.123874,-500.0,1287.764160618186
1215.021707,450,577.379637,-449.0,1215.0217071808875
1214.656581,500,577.658109,-500.0,1214.656580733601
342.791536,168,577.756113,-167.0,342.7915361598134
1047.902682,425,577.992744,-424.0,1047.9026821553707
1257.229077,500,579.025787,-500.0,1257.229076582007
1256.30489,500,579.302843,-500.0,1256.3048896882683
1240.094261,500,579.587204,-500.0,1240.0942607223988
401.433708,185,581.695726,-184.0,401.43370788916945
1114.61569,500,582.038259,-500.0,1114.615689843893
1180.803991,500,583.115566,-500.0,1180.8039908260107
1224.433695,500,583.39155,-500.0,1224.433694563806
1095.093714,500,583.709238,-500.0,1095.09371381253
1177.352056,500,583.987369,-500.0,1177.3520560190082
1083.901759,500,585.034807,-500.0,1083.9017593711615
1087.972878,500,585.309834,-500.0,1087.9728779569268
1083.618517,500,585.587372,-500.0,1083.6185173988342
1062.233529,500,585.874372,-500.0,1062.2335294932127
1169.005544,500,588.944722,-500.0,1169.005544366315
1272.310408,500,589.222794,-500.0,1272.310408435762
1161.693498,500,589.499453,-500.0,1161.693498134613
1135.463006,500,589.781303,-500.0,1135.4630057662725
1213.31813,500,590.821566,-500.0,1213.3181302249432
775.661829,341,591.00552,-340.0,775.6618292946368
1142.283006,500,591.281432,-500.0,1142.283006362617
1177.856247,500,591.553685,-500.0,1177.8562465831637
1260.641185,500,592.615412,-500.0,1260.6411846727133
1245.877752,500,592.914567,-500.0,1245.8777524530888
1251.115832,500,593.199229,-500.0,1251.1158318594098
1184.562719,500,595.486436,-500.0,1184.5627193376422
1206.355863,500,596.522499,-500.0,1206.3558634519577
1142.240601,500,596.798091,-500.0,1142.2406013533473
1169.647109,500,597.091313,-500.0,1169.6471091136336
1120.295215,500,597.368328,-500.0,1120.2952153012156
1072.763168,500,598.452353,-500.0,1072.7631676197052
1305.277325,500,598.74388,-500.0,1305.2773251757026
1267.890074,500,599.020571,-500.0,1267.8900740807876
1265.029347,500,599.293375,-500.0,1265.0293466895819
1261.100338,500,599.572919,-500.0,1261.1003384441137
1256.791606,500,602.671345,-500.0,1256.7916055247188
1179.811051,500,602.964163,-500.0,1179.8110505342484
1258.304129,500,603.285103,-500.0,1258.304129064083
1221.923379,500,603.576626,-500.0,1221.9233788400888
1280.621479,500,604.622363,-500.0,1280.6214785128832
1295.267638,500,604.901338,-500.0,1295.2676381766796
1259.570635,500,605.188354,-500.0,1259.5706351846457
1247.799292,500,605.461037,-500.0,1247.7992915287614
1225.077912,500,606.492528,-500.0,1225.0779120922089
1140.260124,500,606.767224,-500.0,1140.2601235322654
1247.940498,500,609.073667,-500.0,1247.9404982440174
1145.854045,500,609.355232,-500.0,1145.8540445491672
498.881414,230,610.23738,-229.0,498.88141445070505
503.020675,215,610.352154,-214.0,503.0206749215722
801.702007,313,610.523754,-312.0,801.7020069658756
826.305806,341,610.718286,-340.0,826.3058064207435
767.563373,316,610.894179,-315.0,767.5633725523949
1197.939004,500,611.187968,-500.0,1197.9390037357807
316.01442,155,611.277064,-154.0,316.0144203454256
1339.418347,500,612.318349,-500.0,1339.4183470979333
1325.384762,500,612.595184,-500.0,1325.3847620114684
1231.243274,500,612.870208,-500.0,1231.2432741373777
271.339193,145,612.950071,-144.0,271.3391925096512
1316.069775,500,614.89878,-500.0,1316.0697746127844
1181.54687,500,616.082182,-500.0,1181.5468702930957
1084.447506,421,616.324033,-420.0,1084.4475058838725
1208.091948,500,616.612269,-500.0,1208.0919475480914
1258.977758,500,616.945271,-500.0,1258.9777579009533
1265.027263,500,618.115142,-500.0,1265.0272631682456
1205.664114,500,618.407297,-500.0,1205.664113804698
1232.619602,500,618.691316,-500.0,1232.6196015626192
1174.687024,500,618.961258,-500.0,1174.6870237961411
1239.061318,500,620.062847,-500.0,1239.061317898333
1353.081769,500,620.344202,-500.0,1353.0817693769932
579.913918,241,622.581756,-240.0,579.9139180630445
1199.150075,500,622.888044,-500.0,1199.1500752344728
1310.101197,500,623.166769,-500.0,1310.101197168231
661.818625,274,624.121189,-273.0,661.8186245411634
1316.793326,500,624.438915,-500.0,1316.7933258339763
1147.479203,500,624.764578,-500.0,1147.4792033582926
1205.674972,500,625.166769,-500.0,1205.6749717965722
1250.134922,500,626.239023,-500.0,1250.1349220126867
1182.796522,500,626.525609,-500.0,1182.7965224906802
1137.363364,500,626.811773,-500.0,1137.363364033401
1186.652978,500,627.098369,-500.0,1186.6529784724116
1244.410041,489,630.20093,-488.0,1244.410040691495
551.917334,236,630.338053,-235.0,551.9173335880041
763.668402,302,630.508871,-301.0,763.668401658535
1148.572181,459,630.765048,-458.0,1148.5721807442605
939.724829,347,630.956627,-346.0,939.7248286902905
1352.235351,500,631.226792,-500.0,1352.2353505194187
1250.48877,500,632.263978,-500.0,1250.4887700080872
495.709747,217,632.390555,-216.0,495.70974661409855
590.731901,240,632.532832,-239.0,590.7319013550878
484.10985,206,632.642066,-205.0,484.10984968580306
741.673742,294,632.801812,-293.0,741.6737417578697
1266.357286,500,633.088869,-500.0,1266.3572861254215
1225.249182,500,634.122068,-500.0,1225.2491816841066
1266.889753,500,636.398649,-500.0,1266.8897530809045
1199.66091,500,636.682903,-500.0,1199.6609097123146
1268.521747,500,636.955746,-500.0,1268.5217467099428
1154.699106,500,638.016764,-500.0,1154.6991064026952
873.794835,354,638.213429,-353.0,873.7948350012302
1261.307894,500,638.490782,-500.0,1261.307893782854
1251.248609,500,638.773717,-500.0,1251.2486086413264
1251.935491,500,639.815865,-500.0,1251.9354909434915
1103.593573,500,640.09155,-500.0,1103.5935728475451
1275.689958,500,640.393899,-500.0,1275.6899582445621
1257.248968,500,642.692677,-500.0,1257.2489682734013
1248.04882,500,643.725555,-500.0,1248.0488203540444
1134.85127,500,644.005535,-500.0,1134.8512700870633
1156.410499,500,644.277567,-500.0,1156.4104985073209
1173.55959,500,644.559165,-500.0,1173.5595897212625
1275.488205,500,644.850839,-500.0,1275.4882046431303
1211.699163,500,645.934779,-500.0,1211.6991634219885
1233.854382,500,646.209735,-500.0,1233.8543823510408
1192.595757,500,646.485557,-500.0,1192.5957574397326
1258.155316,500,646.76605,-500.0,1258.1553160250187
1257.590276,500,649.828712,-500.0,1257.5902758203447
1257.551978,500,650.10754,-500.0,1257.5519776195288
1019.908843,397,650.328573,-396.0,1019.9088429063559
420.211714,190,650.43377,-189.0,420.21171375364065
1327.619183,500,650.731102,-500.0,1327.619182832539
1281.933196,500,651.857304,-500.0,1281.9331959336996
1268.465209,500,652.149637,-500.0,1268.4652094207704
1221.974587,500,652.433619,-500.0,1221.9745871424675
1176.669607,500,652.722531,-500.0,1176.6696067657322
1142.349941,500,653.753364,-500.0,1142.349940687418
1233.35897,500,654.020246,-500.0,1233.3589696139097
1227.777557,500,656.314279,-500.0,1227.777557015419
1311.157903,500,656.611631,-500.0,1311.1579026803374
1196.753218,500,657.64594,-500.0,1196.7532183229923
1287.177948,500,657.92419,-500.0,1287.177947640419
1249.833571,500,658.206583,-500.0,1249.8335705026984
1208.201297,500,658.471157,-500.0,1208.201297365129
1267.648588,500,659.501604,-500.0,1267.648588385433
1320.010982,500,659.782417,-500.0,1320.0109815001488
709.341437,301,659.950398,-300.0,709.3414365947247
1121.108827,430,660.198953,-429.0,1121.108826637268
597.529981,254,660.33893,-253.0,597.5299805998802
1176.928536,500,663.424224,-500.0,1176.928536131978
1294.337733,500,663.708642,-500.0,1294.3377325683832
1182.192146,500,663.977273,-500.0,1182.1921462863684
1218.471466,500,664.273552,-500.0,1218.4714656248689
623.536885,256,664.412744,-255.0,623.536885201931
1257.164973,500,665.449247,-500.0,1257.1649731844664
1260.504981,500,665.744241,-500.0,1260.5049812346697
1199.231832,500,666.025302,-500.0,1199.2318324744701
1257.774797,500,666.307604,-500.0,1257.7747967168689
1205.791381,500,667.417812,-500.0,1205.7913805544376
1328.983182,500,667.714002,-500.0,1328.9831821471453
1336.968358,500,669.998639,-500.0,1336.9683580994606
1271.118525,500,670.271978,-500.0,1271.1185254976153
1227.316384,500,671.299084,-500.0,1227.316383972764
1315.198694,500,671.577537,-500.0,1315.1986944526434
1304.626762,500,671.852175,-500.0,1304.6267622709274
1274.642874,500,672.142047,-500.0,1274.6428743228316
629.382134,262,673.130498,-261.0,629.3821342587471
1223.965896,500,673.419872,-500.0,1223.965895615518
1283.244368,500,673.690682,-500.0,1283.2443679720163
684.433265,276,673.852533,-275.0,684.433264836669
474.319612,203,673.966045,-202.0,474.31961235404015
1380.181625,500,676.792241,-500.0,1380.1816253568977
1337.68265,500,677.078306,-500.0,1337.6826499905437
1332.062311,500,677.349039,-500.0,1332.0623110476881
1350.895579,500,677.670028,-500.0,1350.8955794647336
1055.378292,416,677.91493,-415.0,1055.3782923072577
1269.176427,500,678.933068,-500.0,1269.1764265224338
1295.432372,500,679.218646,-500.0,1295.432371929288
1210.923187,500,679.504726,-500.0,1210.9231874644756
1280.048181,500,679.783479,-500.0,1280.0481814071536
1237.606571,500,680.823032,-500.0,1237.606570623815
771.595938,299,680.997892,-298.0,771.5959382355213
295.492664,149,682.493634,-148.0,295.4926635324955
1330.89378,500,682.786957,-500.0,1330.893779605627
1259.31441,500,683.114919,-500.0,1259.3144096285105
1274.771995,500,684.19706,-500.0,1274.7719954401255
1354.251384,500,684.467229,-500.0,1354.2513841763139
966.643395,384,684.684367,-383.0,966.6433953940868
1169.810957,444,684.93387,-443.0,1169.8109570890665
468.949284,211,685.051993,-210.0,468.94928439706564
1202.209643,500,686.117954,-500.0,1202.2096427977085
1259.293152,500,686.381257,-500.0,1259.2931523397565
1296.6559,500,686.672077,-500.0,1296.655899643898
823.170311,326,686.848321,-325.0,823.1703110188246
1293.932761,500,689.819982,-500.0,1293.9327612519264
1248.566976,500,690.10851,-500.0,1248.566976159811
1291.658964,500,690.387016,-500.0,1291.6589640155435
1290.96472,500,690.662786,-500.0,1290.9647197723389
1330.442124,500,690.943033,-500.0,1330.4421238824725
1161.013954,500,691.974983,-500.0,1161.0139541625977
881.935972,370,692.19288,-369.0,881.9359718002379
1297.935337,500,692.476851,-500.0,1297.935337178409
1269.117053,500,692.761016,-500.0,1269.117053233087
1226.746463,500,693.844715,-500.0,1226.7464631795883
1286.642574,500,696.123973,-500.0,1286.6425735205412
1282.512649,500,696.3915,-500.0,1282.5126486644149
1251.256243,500,696.672046,-500.0,1251.2562427446246
1103.396032,500,697.708451,-500.0,1103.3960318565369
1239.239023,500,697.974805,-500.0,1239.2390234842896
1305.27596,500,698.24967,-500.0,1305.2759597450495
1203.088555,500,698.521745,-500.0,1203.0885546803474
1293.043862,500,699.662645,-500.0,1293.0438624992967
1248.656579,500,699.935805,-500.0,1248.65657928586
1205.08253,500,700.214497,-500.0,1205.0825299471617
1242.17471,500,702.500795,-500.0,1242.1747101545334
1239.341945,485,703.526393,-484.0,1239.3419449329376
1303.665422,500,703.800322,-500.0,1303.6654219329357
882.826701,364,704.02178,-363.0,882.826700873673
1359.223368,500,704.327863,-500.0,1359.2233676612377
858.849783,326,704.534547,-325.0,858.8497831746936
1304.881957,500,705.587146,-500.0,1304.8819573149085
1213.639732,500,705.86134,-500.0,1213.6397319212556
1193.484411,500,706.147522,-500.0,1193.4844112098217
702.580226,284,706.311219,-283.0,702.5802260898054
618.981134,251,706.445598,-250.0,618.9811335504055
1369.668704,500,709.33144,-500.0,1369.6687035113573
1336.505496,500,709.644441,-500.0,1336.5054962038994
1346.739754,500,709.929581,-500.0,1346.7397544682026
1366.546594,500,710.219373,-500.0,1366.5465941727161
1328.859861,500,711.258337,-500.0,1328.8598608709872
1280.845517,500,711.537335,-500.0,1280.8455173661932
1316.213088,500,711.820869,-500.0,1316.2130876928568
1333.522279,500,712.100833,-500.0,1333.5222791060805
904.011062,395,713.067731,-394.0,904.0110622495413
1337.318355,500,713.341383,-500.0,1337.3183553516865
1357.528316,500,713.610793,-500.0,1357.5283163413405
1326.741527,500,715.959286,-500.0,1326.7415273152292
1277.131517,500,717.001306,-500.0,1277.1315174400806
1317.246967,500,717.2842,-500.0,1317.2469674348831
1310.272133,500,717.57234,-500.0,1310.2721332013607
1312.593527,500,717.844259,-500.0,1312.5935265272856
1326.528772,500,718.120305,-500.0,1326.5287716984749
454.034677,204,718.989045,-203.0,454.03467713296413
1240.989195,500,719.27555,-500.0,1240.989194670692
1139.824371,441,719.526621,-440.0,1139.8243708498776
1358.537921,500,719.794489,-500.0,1358.5379206389189
1353.000311,500,722.928198,-500.0,1353.0003105401993
1330.457547,500,723.225142,-500.0,1330.4575471049175
1265.946448,500,723.505302,-500.0,1265.9464478492737
1322.508882,500,723.789243,-500.0,1322.508881919086
1268.237418,500,725.038075,-500.0,1268.237418077886
1280.295967,500,725.348014,-500.0,1280.2959667220712
1307.393969,500,725.645046,-500.0,1307.3939685449004
1276.722427,500,725.930765,-500.0,1276.7224267572165
1310.614622,500,726.210378,-500.0,1310.6146218851209
1287.616747,500,727.25229,-500.0,1287.6167472749949
1247.797401,500,729.544884,-500.0,1247.7974014282227
1320.426457,500,729.82093,-500.0,1320.426457375288
1285.908898,500,730.107459,-500.0,1285.9088976085186
1327.267376,500,731.233197,-500.0,1327.2673759236932
1294.36422,500,731.510289,-500.0,1294.364220008254
1163.461846,500,731.792992,-500.0,1163.461846087128
1301.591137,500,732.071619,-500.0,1301.5911368131638
1331.381372,500,733.114048,-500.0,1331.3813716210425
1316.584647,500,733.385157,-500.0,1316.5846467986703
1322.213898,500,733.677677,-500.0,1322.2138981670141
1320.151853,500,736.031566,-500.0,1320.1518532633781
1354.072218,500,737.1252,-500.0,1354.0722184479237
1343.575319,500,737.40615,-500.0,1343.5753186643124
1341.659854,500,737.686784,-500.0,1341.6598539948463
1235.483123,500,737.969163,-500.0,1235.4831233918667
1351.519843,500,738.983638,-500.0,1351.5198430418968
1357.167548,500,739.262957,-500.0,1357.1675477921963
1347.194086,500,739.544927,-500.0,1347.1940859556198
1359.939432,500,739.8241,-500.0,1359.939431577921
1227.77373,500,740.835908,-500.0,1227.7737296298146
1384.351384,500,742.988936,-500.0,1384.3513843864202
647.816969,257,743.138108,-256.0,647.8169690594077
1307.938319,500,743.411195,-500.0,1307.9383190870285
1171.840382,500,743.693939,-500.0,1171.8403822481632
209.986059,122,744.527621,-121.0,209.98605933785439
1405.523694,500,744.804732,-500.0,1405.5236938223243
315.01805,156,744.892015,-155.0,315.0180501192808
859.178543,324,745.071012,-323.0,859.1785426586866
1431.903926,500,745.353277,-500.0,1431.9039255678654
1344.646162,480,745.62363,-479.0,1344.6461619734764
875.151063,335,746.601851,-334.0,875.1510629206896
1054.478763,383,746.836805,-382.0,1054.478762872517
1248.269111,500,747.117881,-500.0,1248.2691111043096
1373.06087,500,749.418091,-500.0,1373.060870040208
1333.914086,500,750.438914,-500.0,1333.9140861779451
1379.965623,500,750.718809,-500.0,1379.9656232893467
1348.620351,500,750.996537,-500.0,1348.6203505247831
1206.582378,500,751.268141,-500.0,1206.5823783874512
1045.405414,385,751.479681,-384.0,1045.4054141044617
1360.18189,500,752.608858,-500.0,1360.1818899810314
1355.960196,500,752.898701,-500.0,1355.9601963534951
1017.463687,378,753.116202,-377.0,1017.4636870101094
1348.989392,500,753.397418,-500.0,1348.9893924668431
1340.121916,500,754.431544,-500.0,1340.1219159513712
1301.650495,500,756.751045,-500.0,1301.6504950523376
1324.311593,500,757.024721,-500.0,1324.3115933537483
1321.929199,500,757.338589,-500.0,1321.9291990995407
1308.994323,500,758.395817,-500.0,1308.9943231791258
1297.771355,500,758.673397,-500.0,1297.771354675293
1291.194272,500,758.947622,-500.0,1291.1942718178034
1292.845159,500,759.227698,-500.0,1292.8451593220234
1323.392583,500,760.257371,-500.0,1323.3925826698542
1345.252549,500,760.532522,-500.0,1345.2525492757559
1142.856496,432,760.769661,-431.0,1142.8564958125353
1329.25064,500,763.08148,-500.0,1329.250640079379
1371.971702,500,764.116617,-500.0,1371.971701540053
1253.886828,500,764.386467,-500.0,1253.8868278712034
1249.387805,500,764.671389,-500.0,1249.3878046497703
1242.339887,500,764.953457,-500.0,1242.3398868218064
1272.650227,500,765.990723,-500.0,1272.6502271443605
1357.790092,500,766.273608,-500.0,1357.790092125535
1353.903019,500,766.556967,-500.0,1353.9030192866921
1208.596411,500,766.85867,-500.0,1208.59641122818
1345.094068,500,767.158904,-500.0,1345.0940681248903
1357.992766,500,770.278371,-500.0,1357.9927656650543
1348.185461,500,770.558234,-500.0,1348.185460627079
1361.641535,500,770.839533,-500.0,1361.6415346115828
1338.596099,500,771.126268,-500.0,1338.5960991978645
1344.622527,500,772.177297,-500.0,1344.6225267499685
1360.815679,500,772.45392,-500.0,1360.8156792595983
1294.223195,500,772.735499,-500.0,1294.2231946140528
1260.433386,500,773.020443,-500.0,1260.4333861023188
1340.818398,500,774.173677,-500.0,1340.8183975331485
1075.747067,413,774.395117,-412.0,1075.7470668554306
1370.840045,500,776.724393,-500.0,1370.8400450497866
1390.240051,500,776.995453,-500.0,1390.2400513663888
1373.785048,500,778.035427,-500.0,1373.7850480601192
1370.09476,500,778.313727,-500.0,1370.094759657979
1252.817708,500,778.626385,-500.0,1252.8177076205611
1359.139038,500,778.912547,-500.0,1359.1390382684767
1365.765927,500,779.954355,-500.0,1365.7659265771508
696.982653,285,780.10897,-284.0,696.9826528057456
913.800439,334,780.292239,-333.0,913.8004385381937
1373.316103,500,780.567976,-500.0,1373.3161031603813
1419.123736,500,780.847272,-500.0,1419.1237358748913
1343.500393,500,783.918207,-500.0,1343.5003929063678
1361.689596,500,784.21111,-500.0,1361.6895962711424
1346.686216,500,784.498156,-500.0,1346.686215505004
1411.715517,500,784.783101,-500.0,1411.7155172899365
1382.318152,500,785.820932,-500.0,1382.318152293563
1363.847073,500,786.092196,-500.0,1363.8470733612776
1370.997466,500,786.368042,-500.0,1370.9974658172578
1341.301217,500,786.641023,-500.0,1341.3012173622847
1256.679963,473,787.668814,-472.0,1256.679962515831
276.364577,142,787.748137,-141.0,276.36457689106464
1387.758691,500,788.024547,-500.0,1387.758690804243
1037.452945,396,790.300951,-395.0,1037.4529451839626
1334.114533,500,790.578071,-500.0,1334.1145327836275
1353.053211,500,791.629788,-500.0,1353.0532107204199
1337.108327,500,791.906114,-500.0,1337.1083267256618
760.091398,280,792.066953,-279.0,760.0913981348276
781.967146,317,792.240936,-316.0,781.9671464115381
1408.98444,500,792.524822,-500.0,1408.9844399876893
1258.896861,500,793.552362,-500.0,1258.8968605101109
1359.804425,500,793.831209,-500.0,1359.8044247180223
868.885587,385,794.054901,-384.0,868.8855871632695
1338.170346,500,794.321537,-500.0,1338.1703460663557
1357.924677,500,797.446005,-500.0,1357.924676720053
1333.864554,500,797.729762,-500.0,1333.8645535446703
1337.816237,500,798.013562,-500.0,1337.8162373900414
1366.65507,500,798.293879,-500.0,1366.6550701111555
1327.710473,500,798.567981,-500.0,1327.710472598672
1328.495913,500,799.598831,-500.0,1328.4959128201008
1332.67635,500,799.917058,-500.0,1332.6763496249914
1342.446642,500,800.202975,-500.0,1342.4466419033706
1358.077473,500,800.487036,-500.0,1358.077473409474
1405.035956,500,801.51958,-500.0,1405.0359563566744
1464.895973,500,803.826416,-500.0,1464.8959734290838
1422.452575,500,804.115557,-500.0,1422.4525753557682
1336.604743,500,804.392021,-500.0,1336.6047429963946
1351.715277,500,805.510847,-500.0,1351.7152770459652
1346.263708,500,805.790842,-500.0,1346.2637076377869
1349.546245,500,806.083085,-500.0,1349.5462451800704
1341.071143,500,806.362493,-500.0,1341.0711432397366
1311.634886,500,807.400516,-500.0,1311.6348856836557
1416.673266,500,807.679923,-500.0,1416.6732655987144
1427.947443,500,807.969818,-500.0,1427.9474425055087
1094.380004,500,810.275949,-500.0,1094.3800043538213
1393.488202,500,811.459548,-500.0,1393.4882024750113
1433.475136,500,811.742084,-500.0,1433.4751360081136
1437.629311,500,812.016788,-500.0,1437.629310503602
1382.642302,500,812.302573,-500.0,1382.6423024721444
1219.905617,440,813.304208,-439.0,1219.9056168496609
1400.690728,500,813.579401,-500.0,1400.690728046
1391.178676,500,813.852799,-500.0,1391.178676083684
1444.403655,500,814.142983,-500.0,1444.403654564172
817.928702,322,814.326061,-321.0,817.9287018217146
1406.325501,500,817.406586,-500.0,1406.3255010209978
1390.895839,500,817.680228,-500.0,1390.8958388715982
1297.038956,500,817.95746,-500.0,1297.0389555096626
1417.33057,500,818.240718,-500.0,1417.3305704146624
1213.155604,451,819.248337,-450.0,1213.155604377389
1414.097501,500,819.536147,-500.0,1414.097500860691
1370.563338,500,819.812267,-500.0,1370.563338212669
1356.213291,500,820.089156,-500.0,1356.2132911011577
1399.906945,500,821.146527,-500.0,1399.906945232302
1389.738374,500,821.437335,-500.0,1389.738373748958
1260.265731,500,823.76742,-500.0,1260.2657312601805
1405.366711,500,824.053281,-500.0,1405.3667107522488
1369.245722,500,825.090499,-500.0,1369.245721630752
1353.89442,500,825.383502,-500.0,1353.8944200128317
1319.045863,500,825.670486,-500.0,1319.0458634644747
1388.017883,500,825.958712,-500.0,1388.017882693559
1349.512494,500,827.07124,-500.0,1349.5124942585826
1380.505528,500,827.356155,-500.0,1380.5055279880762
1368.843676,500,827.639502,-500.0,1368.84367647022
1366.610383,500,827.917293,-500.0,1366.6103832647204
1359.413649,500,830.964382,-500.0,1359.413648828864
1407.963134,500,831.239121,-500.0,1407.963134251535
1373.299935,500,831.519875,-500.0,1373.299935322255
1361.352501,500,831.844724,-500.0,1361.3525010198355
1398.431316,500,832.902564,-500.0,1398.4313158616424
234.785754,124,832.973826,-123.0,234.78575357049704
1297.684144,500,833.260194,-500.0,1297.6841439902782
1217.454199,500,833.547132,-500.0,1217.4541992247105
474.608317,193,833.652384,-192.0,474.60831712931395
358.719955,161,833.747531,-160.0,358.71995485574007
1090.718997,368,833.945823,-367.0,1090.718996990472
986.51314,358,834.905364,-357.0,986.5131398513913
489.316548,207,835.02611,-206.0,489.3165476322174
1301.593815,500,835.299709,-500.0,1301.593815073371
1339.994105,500,837.450224,-500.0,1339.994104579091
739.62406,280,837.610231,-279.0,739.6240597143769
1344.04669,500,838.638283,-500.0,1344.0466896370053
1363.130175,500,838.912312,-500.0,1363.1301751360297
1392.579001,500,839.19435,-500.0,1392.579001404345
1441.322984,500,839.471417,-500.0,1441.3229839652777
1420.053032,500,840.506202,-500.0,1420.0530318543315
1425.863167,500,840.792178,-500.0,1425.8631668761373
1427.46953,500,841.069466,-500.0,1427.4695296883583
1413.101817,500,841.353149,-500.0,1413.1018173526973
1346.408941,500,844.509369,-500.0,1346.408940576017
1054.658939,391,844.731013,-390.0,1054.6589394845068
1427.155457,500,845.012442,-500.0,1427.1554569005966
1242.985176,500,845.290834,-500.0,1242.9851755797863
1125.876832,413,845.521311,-412.0,1125.8768319226801
1036.112256,393,846.486205,-392.0,1036.1122555956244
1316.713526,493,846.756852,-492.0,1316.7135258466005
1059.079628,500,847.036086,-500.0,1059.0796275809407
1419.560279,500,847.309027,-500.0,1419.5602790564299
1191.265905,432,848.441913,-431.0,1191.2659047544003
1348.74387,500,848.728818,-500.0,1348.7438699379563
773.503016,293,850.893145,-292.0,773.503015872091
1415.95497,500,851.192239,-500.0,1415.9549701064825
1423.362932,500,851.481168,-500.0,1423.362932011485
1265.218968,500,852.560399,-500.0,1265.218967758119
1349.682524,500,852.85082,-500.0,1349.682524189353
1384.951186,500,853.171507,-500.0,1384.9511863142252
1100.30409,416,853.403894,-415.0,1100.3040897026658
1365.736618,500,854.442422,-500.0,1365.7366178035736
1174.486038,434,854.690398,-433.0,1174.4860379844904
1356.514823,500,854.980704,-500.0,1356.5148226320744
1355.20391,500,857.297242,-500.0,1355.2039100620896
1371.386991,500,858.365917,-500.0,1371.3869905993342
1368.42338,500,858.665579,-500.0,1368.423380099237
1333.472102,500,858.946855,-500.0,1333.4721015766263
1378.592399,500,859.228903,-500.0,1378.5923987179995
1341.606851,500,860.282989,-500.0,1341.606850847602
1327.52429,500,860.553853,-500.0,1327.5242899805307
1322.906279,500,860.838816,-500.0,1322.9062789455056
1350.070672,500,861.114776,-500.0,1350.0706718862057
724.284433,321,861.286952,-320.0,724.284432977438
1332.407087,500,862.331021,-500.0,1332.4070869609714
1335.806688,500,864.699332,-500.0,1335.806688182056
1317.076824,500,864.972116,-500.0,1317.0768235102296
1363.845626,500,865.256723,-500.0,1363.8456255197525
1306.212882,500,866.304513,-500.0,1306.212881743908
1329.934269,500,866.580573,-500.0,1329.9342686608434
1315.342266,500,866.867507,-500.0,1315.3422663733363
1285.821022,500,867.148751,-500.0,1285.8210216984153
1322.54486,500,868.182893,-500.0,1322.5448601432145
1401.232747,500,868.468109,-500.0,1401.2327467128634
1356.800365,500,868.743784,-500.0,1356.800364933908
1402.678841,500,871.054929,-500.0,1402.67884118855
1323.451036,500,872.105618,-500.0,1323.451036170125
634.137254,268,872.255394,-267.0,634.1372538506985
1360.795998,500,872.542658,-500.0,1360.7959976941347
1400.743608,500,872.815076,-500.0,1400.74360819906
1363.554313,500,873.095418,-500.0,1363.5543131753802
1386.062109,500,874.130489,-500.0,1386.0621089488268
1063.024258,392,874.375167,-391.0,1063.024258196354
1392.122981,500,874.669054,-500.0,1392.1229806244373
1385.989153,500,874.952709,-500.0,1385.9891525357962
1379.929727,500,875.972297,-500.0,1379.929726716131
1418.932707,500,878.271693,-500.0,1418.9327067695558
1393.99206,500,878.550695,-500.0,1393.9920602813363
1398.771801,500,878.851681,-500.0,1398.7718014232814
1342.569816,500,879.930419,-500.0,1342.5698159253225
1369.660439,500,880.215335,-500.0,1369.6604393273592
1373.519702,500,880.48982,-500.0,1373.5197021737695
1356.525112,500,880.768575,-500.0,1356.5251117013395
1354.568787,500,881.798387,-500.0,1354.5687872618437
1371.041188,500,882.082497,-500.0,1371.0411879271269
1331.559104,500,882.35238,-500.0,1331.5591042637825
1337.376803,500,884.686468,-500.0,1337.3768025189638
1364.869801,500,885.833102,-500.0,1364.869801260531
1403.537239,500,886.111133,-500.0,1403.5372392125428
1360.464711,500,886.390239,-500.0,1360.4647106789052
715.583832,286,886.548221,-285.0,715.5838315598667
1354.657166,500,886.832708,-500.0,1354.6571657210588
1379.506411,500,887.902588,-500.0,1379.506411127746
1412.579187,500,888.18378,-500.0,1412.5791866332293
1339.162168,500,888.472887,-500.0,1339.162167545408
1359.184173,500,888.751002,-500.0,1359.1841731145978
1372.291997,500,891.880057,-500.0,1372.2919966205955
1383.307169,500,892.162795,-500.0,1383.307169161737
1409.902087,500,892.452144,-500.0,1409.9020873084664
1247.279628,500,892.73548,-500.0,1247.2796275541186
1023.341073,387,893.708253,-386.0,1023.3410727232695
1411.046292,500,893.987597,-500.0,1411.0462915748358
1372.230621,500,894.266306,-500.0,1372.2306214123964
1324.523887,497,894.54419,-496.0,1324.5238871909678
1392.30025,500,895.6064,-500.0,1392.3002495020628
1373.598582,500,895.900229,-500.0,1373.5985820256174
1397.944838,500,898.212615,-500.0,1397.944838270545
1386.220591,500,898.501233,-500.0,1386.2205909118056
1397.406329,500,899.546093,-500.0,1397.4063289538026
1408.613489,500,899.817107,-500.0,1408.613489486277
1390.485792,500,900.098425,-500.0,1390.485791772604
1403.977375,500,900.382144,-500.0,1403.9773754179478
1357.449125,500,901.478997,-500.0,1357.4491247981787
1397.364844,500,901.756221,-500.0,1397.3648444116116
1396.075793,500,902.027688,-500.0,1396.0757929086685
1371.171499,500,902.330043,-500.0,1371.1714987494051
1374.366605,500,904.594679,-500.0,1374.3666054159403
1396.99845,500,905.63915,-500.0,1396.9984498769045
1391.242926,500,905.913963,-500.0,1391.2429257109761
1405.927903,500,906.229271,-500.0,1405.9279032871127
1378.818359,500,906.537465,-500.0,1378.8183592557907
1147.425684,424,907.54179,-423.0,1147.4256842285395
909.998341,332,907.724817,-331.0,909.9983405396342
516.566339,228,907.847417,-227.0,516.5663387849927
271.379426,127,907.916173,-126.0,271.3794264867902
641.839215,245,908.053087,-244.0,641.8392147123814
1245.043137,469,908.310724,-468.0,1245.0431374311447
398.953523,169,908.409032,-168.0,398.953522708267
843.910687,303,909.330796,-302.0,843.9106871560216
217.3132,121,909.397072,-120.0,217.31320023164153
490.771182,194,909.51408,-193.0,490.77118220180273
1409.736047,500,911.37086,-500.0,1409.7360472939909
785.742682,286,911.548049,-285.0,785.7426821365952
470.258379,188,911.661279,-187.0,470.25837939605117
200.222248,111,911.733691,-110.0,200.22224770486355
269.581748,125,911.801154,-124.0,269.5817479491234
869.498802,320,911.979474,-319.0,869.4988019391894
1271.639733,500,913.007688,-500.0,1271.6397328227758
421.72798,184,913.107768,-183.0,421.7279798462987
625.695678,248,913.24427,-247.0,625.6956775411963
890.852612,360,913.447957,-359.0,890.8526122272015
688.292744,256,913.600221,-255.0,688.29274443537
587.592053,233,913.727643,-232.0,587.5920528024435
1116.445718,468,914.765706,-467.0,1116.4457177892327
1094.749006,417,914.998422,-416.0,1094.7490061372519
926.920484,335,915.185947,-334.0,926.9204843305051
391.36104,167,915.28303,-166.0,391.3610402196646
1394.071362,500,915.57571,-500.0,1394.0713617876172
1469.882772,500,918.329929,-500.0,1469.8827724307775
1433.740759,500,918.605921,-500.0,1433.7407590448856
1220.777462,500,918.881855,-500.0,1220.7774619832635
952.428811,351,919.084111,-350.0,952.4288114011288
840.471532,315,919.259912,-314.0,840.4715319350362
1017.197963,377,920.221853,-376.0,1017.1979626305401
1156.64167,500,920.505782,-500.0,1156.6416702382267
1406.274639,500,920.790733,-500.0,1406.274639301002
1379.973653,500,921.065765,-500.0,1379.9736527949572
1437.103409,500,921.34734,-500.0,1437.1034090593457
1415.695505,500,924.512867,-500.0,1415.6955050714314
1414.635807,500,924.795696,-500.0,1414.6358067654073
1425.861365,500,925.067704,-500.0,1425.8613646179438
1402.106435,500,925.337443,-500.0,1402.1064348742366
1390.674716,500,926.365733,-500.0,1390.6747155711055
1380.855282,500,926.652871,-500.0,1380.8552821725607
1370.530913,500,926.925831,-500.0,1370.5309127271175
1368.031149,500,927.210498,-500.0,1368.0311486199498
1307.449743,500,928.305491,-500.0,1307.4497426077724
1357.992074,500,928.577604,-500.0,1357.9920736178756
1340.654952,500,930.840477,-500.0,1340.654952377081
1378.251012,500,931.124369,-500.0,1378.2510116286576
1370.149507,500,932.153245,-500.0,1370.1495071202517
1357.509381,500,932.434458,-500.0,1357.5093805268407
1373.768747,500,932.742395,-500.0,1373.7687474787235
1360.198349,500,933.031687,-500.0,1360.1983486227691
1403.321546,500,934.074058,-500.0,1403.3215464949608
1444.906268,500,934.360704,-500.0,1444.906267657876
1228.276575,500,934.639542,-500.0,1228.2765748426318
1390.296684,500,934.91632,-500.0,1390.296684216708
1422.932771,500,937.986377,-500.0,1422.9327711686492
1407.229002,500,938.276734,-500.0,1407.2290019765496
1272.614724,471,938.550012,-470.0,1272.61472421512
1253.795141,500,938.8325,-500.0,1253.795141454786
1429.667664,500,939.853986,-500.0,1429.6676635369658
1017.430586,364,940.054379,-363.0,1017.4305860064924
1427.600714,500,940.330308,-500.0,1427.6007137298584
315.244495,152,940.412984,-151.0,315.24449494481087
580.137698,230,940.545636,-229.0,580.1376984342933
1430.270593,500,940.828133,-500.0,1430.2705927491188
1419.20659,500,941.865364,-500.0,1419.2065904662013
1398.662707,500,942.143625,-500.0,1398.6627072766423
1286.933764,459,944.477835,-458.0,1286.933763794601
1426.333379,500,944.766877,-500.0,1426.3333786278963
1390.953756,500,945.798295,-500.0,1390.9537561386824
1373.387185,500,946.0742,-500.0,1373.3871848583221
1364.484181,500,946.347432,-500.0,1364.4841808378696
1350.757148,500,946.627445,-500.0,1350.7571479342878
1397.43331,500,947.664255,-500.0,1397.4333097860217
1360.21003,500,947.945322,-500.0,1360.2100298330188
1356.693398,500,948.222441,-500.0,1356.6933980118483
1398.070744,500,948.517437,-500.0,1398.0707437694073
1354.081723,500,951.62907,-500.0,1354.081723280251
1392.219453,500,951.906184,-500.0,1392.2194527760148
1400.422963,500,952.186566,-500.0,1400.4229629188776
1390.785788,500,952.459325,-500.0,1390.7857879195362
532.961486,226,952.590421,-225.0,532.9614857658744
1365.076231,500,953.641143,-500.0,1365.0762314721942
1383.737062,500,953.94042,-500.0,1383.7370619624853
1351.583494,500,954.242297,-500.0,1351.583494246006
1369.965846,500,954.530663,-500.0,1369.965845644474
1362.085438,500,955.566039,-500.0,1362.0854378454387
1384.738624,500,955.848364,-500.0,1384.7386241592467
1361.367226,500,958.096904,-500.0,1361.3672261238098
1394.00208,500,958.375068,-500.0,1394.0020800232887
1353.721139,500,959.465244,-500.0,1353.721138715744
1394.671973,500,959.803303,-500.0,1394.6719731986523
1412.461361,500,960.094037,-500.0,1412.4613607898355
1367.230089,500,960.366891,-500.0,1367.2300888597965
1414.70932,500,961.406246,-500.0,1414.7093203887343
1378.623147,500,961.688121,-500.0,1378.6231473013759
1408.086101,500,961.960128,-500.0,1408.0861008763313
1366.488721,500,962.248695,-500.0,1366.4887212477624
1394.06492,500,965.377501,-500.0,1394.064920246601
1436.158321,500,965.659014,-500.0,1436.158321134746
800.889288,302,965.827013,-301.0,800.889287956059
1403.987877,500,966.101003,-500.0,1403.9878768511117
1441.894246,500,966.380871,-500.0,1441.8942461758852
1427.355556,500,967.413912,-500.0,1427.3555561378598
1437.541844,500,967.702617,-500.0,1437.5418437346816
1243.505854,500,967.976272,-500.0,1243.505853638053
1435.600749,500,968.259124,-500.0,1435.6007490232587
1450.096748,500,969.288451,-500.0,1450.0967484228313
1444.514989,500,971.624703,-500.0,1444.5149890333414
1433.416485,500,971.898825,-500.0,1433.41648504138
1401.786312,500,972.183361,-500.0,1401.786312095821
844.733859,321,973.123454,-320.0,844.7338585183024
493.656733,203,973.240019,-202.0,493.6567329913378
1200.715369,500,973.523529,-500.0,1200.7153687924147
1164.828462,500,973.801961,-500.0,1164.8284620791674
1428.001873,500,974.082752,-500.0,1428.0018726885319
1326.9735,500,975.163206,-500.0,1326.9734998643398
1378.056415,500,975.47324,-500.0,1378.0564153306186
1430.773289,500,975.783729,-500.0,1430.7732891216874
1419.581037,500,978.072749,-500.0,1419.581037171185
1374.542259,500,979.133242,-500.0,1374.5422592014074
620.774866,245,979.271107,-244.0,620.7748661115766
1376.03854,500,979.562833,-500.0,1376.0385403484106
1405.121621,500,979.842278,-500.0,1405.1216208338737
1402.747289,500,980.117776,-500.0,1402.7472888678312
1418.514911,500,981.215936,-500.0,1418.5149113200605
1401.315033,500,981.487923,-500.0,1401.3150333166122
1411.370769,500,981.759947,-500.0,1411.370768547058
1392.697639,500,982.041277,-500.0,1392.697639271617
1381.28944,500,983.073586,-500.0,1381.2894395291805
1395.353282,500,985.395462,-500.0,1395.35328155756
1367.53824,500,985.671399,-500.0,1367.5382402203977
1368.494853,500,986.001836,-500.0,1368.4948530383408
